"","ancostr","anposs","area3","bagni","cpi1","cpi2","impacq","m2","valabit","varvalabit"
"405",1960,1985,1,1,652.92902,601.28632,35000,125,95000,2
"201",1992,1993,1,2,1005.754,964.9964,150000,120,400000,2
"3942",1970,1990,1,1,860.39532,810.84827,8000,70,155000,2
"2910",1964,1970,1,2,92.129265,87.669952,2000,240,300000,2
"1045",1800,2003,3,1,1330.5374,1298.5277,112000,120,200000,3
"3474",1979,1980,2,2,342.4115,282.6434,160000,110,250000,2
"3685",1998,1998,2,2,1184.5385,1164.1007,100000,100,200000,2
"2124",1970,2004,1,2,1356.1675,1330.5374,118000,100,118000,3
"3864",1930,2002,1,1,1298.5277,1267.0298,55000,75,80000,3
"3314",1992,1992,1,2,964.9964,915.35559,60000,90,200000,2
"1148",1988,1988,3,2,760.57489,724.82721,50000,150,200000,2
"953",1970,1997,1,1,1164.1007,1144.3562,85000,100,60000,2
"1681",1989,1991,3,1,915.35559,860.39532,12500,70,70000,2
"2020",2008,2008,1,1,1477.4307,1431.71,80000,67,100000,3
"623",1986,1986,3,2,692.88147,652.92902,40000,150,150000,2
"3325",1970,1998,3,1,1184.5385,1164.1007,70000,87,190000,3
"2701",1980,1995,3,2,1101.5402,1045.3608,75000,110,170000,2
"3012",1800,1995,1,2,1101.5402,1045.3608,70000,120,300000,2
"2114",1986,1986,3,2,692.88147,652.92902,60000,200,250000,2
"708",1800,1976,1,1,183.8819,157.80762,15000,300,200000,2
"3210",1960,2000,1,2,1234.1951,1203.9137,110000,85,350000,2
"1354",1957,2002,2,1,1298.5277,1267.0298,103300,60,180000,2
"1894",1970,1980,3,2,342.4115,282.6434,50000,120,450000,3
"3805",2000,2000,3,2,1234.1951,1203.9137,90000,90,190000,2
"2578",1997,1997,2,2,1164.1007,1144.3562,65000,87,140000,2
"1569",1980,1986,1,1,692.88147,652.92902,45000,90,125000,2
"323",1962,1991,2,1,915.35559,860.39532,80000,80,200000,2
"1983",1989,1990,3,2,860.39532,810.84827,50000,160,150000,2
"3731",1962,1962,1,2,68.102112,64.796478,12000,140,150000,1
"1345",1945,1945,1,1,22.011038,11.175662,1000,70,150000,2
"3766",1985,1990,1,2,860.39532,810.84827,130000,95,200000,2
"2264",1974,1974,2,2,134.69173,112.76212,20000,140,150000,2
"1491",1991,1996,1,2,1144.3562,1101.5402,200000,150,250000,2
"560",1968,1988,1,1,760.57489,724.82721,42000,122,95000,2
"504",1972,1972,3,2,102.16821,96.736008,7500,90,120000,2
"1856",1970,1997,1,2,1164.1007,1144.3562,70000,80,130000,3
"2685",1993,1995,1,1,1101.5402,1045.3608,210000,55,170000,3
"2729",1900,1978,1,1,244.19604,217.17596,40000,120,300000,3
"2983",1964,1984,1,1,601.28632,543.74213,6000,73,120000,2
"1927",1940,1960,2,1,62.957386,61.331112,4000,100,130000,2
"1740",1990,1994,3,2,1045.3608,1005.754,25000,110,110000,2
"3120",1940,1990,3,1,860.39532,810.84827,3000,75,50000,2
"3913",1986,1987,3,2,724.82721,692.88147,50000,120,180000,2
"1818",1976,1976,3,1,183.8819,157.80762,10000,95,80000,3
"49",1975,1990,1,1,860.39532,810.84827,80000,75,300000,2
"1093",1970,2005,1,1,1379.2709,1356.1675,180000,90,300000,3
"3518",2002,2003,1,2,1330.5374,1298.5277,160000,110,160000,2
"3428",1980,2012,1,1,1600.0632,1552.5062,60000,45,60000,2
"3225",1990,1995,1,2,1101.5402,1045.3608,160000,90,180000,3
"1577",1978,1980,1,2,342.4115,282.6434,90000,95,110000,3
"3315",1963,1990,1,2,860.39532,810.84827,190000,160,350000,2
"883",1920,1991,1,1,915.35559,860.39532,100000,120,250000,2
"603",1964,1964,2,1,77.562103,73.220169,7000,100,90000,3
"928",1950,1999,3,1,1203.9137,1184.5385,70000,70,200000,2
"3297",1983,1983,2,2,543.74213,472.91589,25000,110,400000,2
"3641",2010,2013,2,1,1617.6464,1600.0632,120000,70,180000,2
"1475",1955,1970,3,2,92.129265,87.669952,30000,100,120000,2
"3953",1993,1993,3,2,1005.754,964.9964,50000,100,200000,3
"2175",1960,1960,2,2,62.957386,61.331112,50000,70,230000,2
"2213",1970,2005,1,1,1379.2709,1356.1675,100000,100,200000,3
"2343",1970,1980,3,1,342.4115,282.6434,50000,70,150000,2
"395",1971,1971,1,2,96.736008,92.129265,6500,104,250000,2
"268",1300,1983,2,1,543.74213,472.91589,5000,100,250000,2
"1000",2000,2002,2,1,1298.5277,1267.0298,100000,65,250000,3
"1190",1970,1971,2,1,96.736008,92.129265,8000,120,450000,2
"3501",2000,2005,2,1,1379.2709,1356.1675,190000,50,230000,3
"531",1960,1985,1,1,652.92902,601.28632,37000,71,150000,3
"28",2010,2010,2,1,1511.9178,1488.2941,20000,65,100000,2
"265",1972,1972,2,2,102.16821,96.736008,8000,100,400000,2
"1519",1970,1972,3,1,102.16821,96.736008,40000,100,120000,2
"1978",1970,1992,2,1,964.9964,915.35559,3000,70,150000,3
"2822",1976,2009,1,1,1488.2941,1477.4307,130000,70,150000,2
"2702",1978,1980,3,2,342.4115,282.6434,100000,100,300000,2
"371",1890,1984,1,2,601.28632,543.74213,95000,100,140000,2
"3733",1980,1980,1,1,342.4115,282.6434,10000,95,130000,2
"516",1979,1981,3,2,406.44177,342.4115,20000,106,160000,2
"2594",1968,2004,2,1,1356.1675,1330.5374,40000,80,140000,1
"2935",1969,1969,2,1,87.669952,85.273788,3000,75,85000,2
"3529",1982,1983,3,1,543.74213,472.91589,35000,100,300000,2
"948",1990,1990,1,2,860.39532,810.84827,100000,500,250000,2
"1171",1963,1970,3,2,92.129265,87.669952,90000,100,130000,2
"1567",1970,1975,1,2,157.80762,134.69173,40000,120,170000,2
"1320",1970,1980,1,2,342.4115,282.6434,30000,100,250000,3
"2681",1980,1980,1,2,342.4115,282.6434,180000,112,500000,2
"2486",2001,2001,1,2,1267.0298,1234.1951,180000,105,200000,3
"3",1968,1968,3,2,85.273788,84.200714,6000,180,280000,3
"2046",1965,1965,3,2,80.930824,77.562103,10000,150,300000,2
"3542",1995,2000,2,2,1234.1951,1203.9137,100000,120,150000,2
"2108",1920,1976,2,1,183.8819,157.80762,10000,95,150000,2
"1511",1971,1986,1,1,692.88147,652.92902,80000,95,210000,2
"3052",1960,1964,3,1,77.562103,73.220169,6000,70,100000,2
"2946",1980,1995,1,1,1101.5402,1045.3608,30000,80,190000,2
"1721",1960,1968,1,1,85.273788,84.200714,5000,80,165000,2
"3752",1900,1985,1,2,652.92902,601.28632,70000,100,150000,1
"1706",1960,2009,1,2,1488.2941,1477.4307,235000,100,200000,2
"403",1970,1999,1,2,1203.9137,1184.5385,180000,150,340000,2
"556",1933,1964,1,2,77.562103,73.220169,8500,135,250000,2
"645",1970,1972,3,2,102.16821,96.736008,10000,110,350000,2
"3732",1975,1975,1,1,157.80762,134.69173,2000,110,100000,3
"954",1976,1976,1,2,183.8819,157.80762,22500,200,600000,2
"212",1984,1999,1,2,1203.9137,1184.5385,150000,140,300000,2
"1943",1991,1992,3,2,964.9964,915.35559,80000,100,190000,2
"1632",1997,1997,1,1,1164.1007,1144.3562,130000,70,160000,2
"3262",1972,1972,1,1,102.16821,96.736008,4000,100,300000,3
"3403",1972,1972,1,2,102.16821,96.736008,25000,100,170000,2
"1282",1990,2001,2,1,1267.0298,1234.1951,50000,80,150000,2
"1725",1998,1998,1,2,1184.5385,1164.1007,450000,180,700000,3
"1405",1999,2000,3,2,1234.1951,1203.9137,70000,100,110000,2
"83",1980,1980,2,2,342.4115,282.6434,20000,95,200000,2
"2222",1972,1978,1,2,244.19604,217.17596,25000,250,400000,3
"2451",1950,1998,1,2,1184.5385,1164.1007,160000,164,300000,2
"2708",1850,1987,1,2,724.82721,692.88147,150000,300,600000,2
"2844",1800,1985,1,2,652.92902,601.28632,40000,90,250000,2
"1804",1985,1985,2,2,652.92902,601.28632,60000,150,150000,2
"2582",1987,1988,1,2,760.57489,724.82721,100000,300,800000,2
"3543",1984,1985,2,2,652.92902,601.28632,35000,100,200000,2
"2086",1996,1996,3,1,1144.3562,1101.5402,90000,90,120000,2
"3522",1982,1985,1,1,652.92902,601.28632,45000,85,170000,2
"1529",1998,2004,2,2,1356.1675,1330.5374,149000,140,350000,3
"1348",1967,1968,3,2,85.273788,84.200714,20000,120,240000,2
"2797",1996,1997,1,2,1164.1007,1144.3562,95000,130,300000,2
"580",1969,1995,1,2,1101.5402,1045.3608,180000,135,150000,1
"135",1969,1970,3,2,92.129265,87.669952,20000,90,300000,1
"1113",1990,1996,3,2,1144.3562,1101.5402,65000,180,400000,2
"2666",1900,2004,1,2,1356.1675,1330.5374,160000,128,175000,2
"1610",1962,1962,2,1,68.102112,64.796478,5000,100,150000,2
"818",1976,1979,2,1,282.6434,244.19604,10000,83,180000,2
"1278",1977,1978,2,1,244.19604,217.17596,21000,80,170000,1
"1566",1997,1997,1,2,1164.1007,1144.3562,400000,160,750000,2
"3832",2007,2007,1,2,1431.71,1406.8323,200000,80,250000,2
"3128",1970,1981,1,1,406.44177,342.4115,35000,75,130000,2
"1527",2005,2006,1,1,1406.8323,1379.2709,170000,60,150000,3
"274",1900,1972,2,2,102.16821,96.736008,1100,90,150000,2
"2113",1973,1973,3,2,112.76212,102.16821,10500,110,280000,2
"3659",1960,1992,1,1,964.9964,915.35559,60000,70,80000,2
"2087",1974,1976,3,1,183.8819,157.80762,8000,65,130000,2
"112",1927,1984,1,1,601.28632,543.74213,35000,120,150000,2
"774",1965,1975,1,2,157.80762,134.69173,40000,120,120000,2
"175",1995,2004,2,2,1356.1675,1330.5374,145000,90,150000,2
"611",1971,1971,1,2,96.736008,92.129265,30000,100,300000,2
"3134",1948,2000,1,1,1234.1951,1203.9137,80000,70,40000,2
"2787",1970,1978,1,2,244.19604,217.17596,120000,120,170000,2
"2863",1975,2004,1,1,1356.1675,1330.5374,90000,85,120000,2
"705",1998,2000,1,2,1234.1951,1203.9137,400000,250,500000,3
"2168",1990,1990,3,2,860.39532,810.84827,160000,180,200000,2
"3868",1970,1970,1,2,92.129265,87.669952,140000,95,180000,3
"110",2000,2001,3,2,1267.0298,1234.1951,230000,220,350000,2
"1109",1970,1970,3,1,92.129265,87.669952,30000,80,120000,3
"1152",1964,1979,1,2,282.6434,244.19604,45000,130,400000,2
"1780",1970,1970,3,2,92.129265,87.669952,80000,45,90000,2
"1565",1990,1992,1,2,964.9964,915.35559,105000,140,380000,2
"3572",1970,1990,1,1,860.39532,810.84827,50000,90,150000,2
"2887",1992,1993,1,2,1005.754,964.9964,90000,135,300000,2
"2232",1975,1991,3,2,915.35559,860.39532,20000,180,80000,3
"3708",2000,2006,3,2,1406.8323,1379.2709,100000,95,140000,2
"3319",1984,1984,2,2,601.28632,543.74213,50000,120,130000,2
"3438",1995,2000,1,2,1234.1951,1203.9137,150000,130,200000,2
"2495",1970,1980,1,2,342.4115,282.6434,60000,150,150000,2
"3064",1980,1999,1,1,1203.9137,1184.5385,120000,70,160000,3
"1315",1950,2000,2,2,1234.1951,1203.9137,50000,150,280000,2
"2015",1934,2001,2,1,1267.0298,1234.1951,40000,70,140000,2
"3062",1960,1997,1,1,1164.1007,1144.3562,90000,90,220000,2
"977",1950,1990,3,1,860.39532,810.84827,30000,80,60000,3
"2084",1970,1970,3,1,92.129265,87.669952,30000,100,200000,2
"549",1910,2003,1,2,1330.5374,1298.5277,450000,250,800000,2
"1621",1952,1952,1,1,51.034195,48.95438,2000,90,200000,2
"1250",1962,1984,2,2,601.28632,543.74213,25000,85,130000,2
"3149",1950,1985,2,1,652.92902,601.28632,30000,90,100000,2
"3648",2002,2003,1,2,1330.5374,1298.5277,200000,70,200000,2
"1764",2006,2007,3,2,1431.71,1406.8323,150000,106,165000,2
"2603",1989,1989,2,2,810.84827,760.57489,100000,180,700000,3
"1138",1983,1983,1,2,543.74213,472.91589,34000,90,170000,2
"46",1973,1973,1,2,112.76212,102.16821,4000,100,300000,2
"3289",1970,2005,3,1,1379.2709,1356.1675,150000,120,150000,2
"3468",1970,1985,2,2,652.92902,601.28632,250000,110,300000,2
"2494",1978,1978,1,2,244.19604,217.17596,60000,150,80000,3
"2518",1586,2001,1,2,1267.0298,1234.1951,180000,290,800000,2
"271",1952,1986,2,2,692.88147,652.92902,15000,120,350000,2
"1058",1972,1972,2,2,102.16821,96.736008,15000,220,200000,3
"415",1982,1984,2,2,601.28632,543.74213,40000,120,150000,2
"3879",1978,1980,2,2,342.4115,282.6434,40000,70,250000,2
"1827",1970,1998,1,1,1184.5385,1164.1007,120000,70,130000,2
"3483",1960,1970,2,1,92.129265,87.669952,9000,70,140000,2
"615",1989,2000,3,2,1234.1951,1203.9137,50000,85,300000,3
"1165",2003,2004,2,2,1356.1675,1330.5374,120000,85,150000,2
"2900",1968,2010,2,2,1511.9178,1488.2941,8500,120,220000,2
"3697",1987,1988,3,1,760.57489,724.82721,70000,100,150000,2
"812",1980,1980,3,2,342.4115,282.6434,20000,100,100000,2
"592",1970,1980,3,1,342.4115,282.6434,60000,98,90000,2
"120",1970,1979,1,1,282.6434,244.19604,20000,100,180000,3
"783",1990,1990,3,2,860.39532,810.84827,60000,113,150000,2
"858",2010,2011,1,2,1552.5062,1511.9178,600000,80,700000,1
"2540",1800,1989,1,2,810.84827,760.57489,7500,200,300000,3
"688",1960,1995,1,1,1101.5402,1045.3608,93000,100,90000,2
"1281",1986,1986,1,2,692.88147,652.92902,40000,140,200000,3
"3941",1975,1981,1,1,406.44177,342.4115,51000,95,175000,2
"2198",1985,1987,3,1,724.82721,692.88147,50000,110,130000,2
"1208",1970,1970,2,1,92.129265,87.669952,5000,100,150000,2
"541",1990,1990,3,2,860.39532,810.84827,40000,160,180000,3
"3282",1960,1984,3,1,601.28632,543.74213,20000,90,150000,3
"1233",1988,2004,2,1,1356.1675,1330.5374,140000,60,145000,2
"3386",1980,1997,3,2,1164.1007,1144.3562,150000,120,400000,2
"2575",1985,1985,2,2,652.92902,601.28632,50000,100,280000,2
"316",1971,1971,3,1,96.736008,92.129265,4500,95,80000,3
"1012",1997,2000,1,1,1234.1951,1203.9137,150000,70,160000,2
"88",1972,1972,2,2,102.16821,96.736008,8000,96,200000,2
"1209",1990,1994,2,2,1045.3608,1005.754,130000,120,200000,2
"3433",1940,1985,1,1,652.92902,601.28632,30000,60,70000,2
"1724",1910,1999,1,2,1203.9137,1184.5385,270000,120,600000,3
"461",1940,1944,3,1,11.175662,2.5148184,3000,90,130000,2
"837",2003,2006,1,2,1406.8323,1379.2709,120000,70,130000,2
"1905",1998,2012,1,2,1600.0632,1552.5062,275000,160,300000,3
"2378",1985,1985,3,2,652.92902,601.28632,40000,100,120000,3
"2299",1959,1970,3,1,92.129265,87.669952,15000,110,200000,3
"3078",1970,1981,3,2,406.44177,342.4115,14000,106,180000,2
"3874",1949,1991,2,1,915.35559,860.39532,17500,80,120000,3
"1865",2007,2008,2,2,1477.4307,1431.71,140000,100,140000,2
"1112",1970,2006,3,1,1406.8323,1379.2709,125000,90,120000,2
"1712",1960,1965,1,1,80.930824,77.562103,5000,80,140000,2
"1366",1980,1983,3,2,543.74213,472.91589,35000,135,200000,2
"1939",1990,2009,3,1,1488.2941,1477.4307,165000,100,180000,3
"1155",1970,1990,1,2,860.39532,810.84827,130000,120,240000,2
"885",1983,1992,1,1,964.9964,915.35559,51000,85,100000,2
"2531",1998,2002,1,2,1298.5277,1267.0298,120000,90,130000,3
"2545",1970,2010,1,2,1511.9178,1488.2941,65000,180,200000,2
"1797",1965,1977,1,1,217.17596,183.8819,15000,85,150000,2
"2159",1970,1982,1,1,472.91589,406.44177,15000,90,70000,2
"2199",1900,2007,3,2,1431.71,1406.8323,70000,140,150000,2
"652",1988,2000,3,2,1234.1951,1203.9137,120000,90,150000,2
"1544",1975,1993,3,2,1005.754,964.9964,110000,110,180000,2
"874",2010,2010,3,2,1511.9178,1488.2941,100000,350,600000,2
"3250",1900,1976,3,2,183.8819,157.80762,20000,140,200000,2
"690",1990,1996,3,2,1144.3562,1101.5402,45000,106,90000,3
"5",1968,1981,3,2,406.44177,342.4115,23000,90,150000,3
"3713",1976,1976,2,2,183.8819,157.80762,17000,100,150000,2
"2156",2004,2004,1,2,1356.1675,1330.5374,150000,135,200000,2
"1640",1950,2011,1,1,1552.5062,1511.9178,37000,80,100000,2
"2076",1980,1982,1,2,472.91589,406.44177,14500,110,250000,2
"2358",1969,1969,3,1,87.669952,85.273788,10000,80,90000,2
"2828",1973,2001,1,1,1267.0298,1234.1951,90000,78,100000,2
"2285",1980,1998,2,2,1184.5385,1164.1007,150000,200,250000,2
"702",1983,1988,1,2,760.57489,724.82721,43000,80,150000,2
"3540",1982,1995,1,1,1101.5402,1045.3608,120000,100,100000,2
"3547",1880,1993,1,1,1005.754,964.9964,80000,60,120000,2
"333",1994,1995,1,1,1101.5402,1045.3608,220000,100,250000,3
"42",1980,1980,1,2,342.4115,282.6434,100000,88,300000,3
"2402",1990,1990,1,1,860.39532,810.84827,90000,90,90000,3
"269",1956,1983,2,2,543.74213,472.91589,125000,160,320000,1
"1674",1972,1998,2,2,1184.5385,1164.1007,75000,115,250000,2
"2354",1968,1978,1,2,244.19604,217.17596,45000,110,220000,2
"1237",1990,1998,1,2,1184.5385,1164.1007,85000,90,170000,2
"2519",1930,2007,1,2,1431.71,1406.8323,120000,100,140000,3
"2606",1970,1970,2,2,92.129265,87.669952,100000,110,200000,2
"2360",1970,1970,3,2,92.129265,87.669952,15000,220,300000,2
"143",1956,1986,1,2,692.88147,652.92902,35000,110,300000,2
"1123",1975,2007,2,1,1431.71,1406.8323,110000,70,180000,2
"1439",1937,1972,1,1,102.16821,96.736008,15000,120,50000,2
"2440",1968,1970,2,2,92.129265,87.669952,18000,100,200000,2
"1206",1964,1964,1,1,77.562103,73.220169,30000,120,180000,2
"721",1988,1989,2,2,810.84827,760.57489,65000,100,250000,3
"3883",1985,1985,3,2,652.92902,601.28632,75000,120,250000,2
"1984",1978,1978,2,1,244.19604,217.17596,30000,80,200000,2
"1189",1900,2001,2,1,1267.0298,1234.1951,68000,85,100000,3
"24",1950,1965,3,1,80.930824,77.562103,2500,70,65000,3
"2815",2006,2007,2,2,1431.71,1406.8323,290000,130,250000,3
"1137",1995,2013,1,2,1617.6464,1600.0632,160000,90,145000,3
"1989",2005,2007,1,2,1431.71,1406.8323,340000,230,400000,2
"3613",1940,1966,1,1,82.55233,80.930824,20000,110,240000,3
"277",1984,1990,3,2,860.39532,810.84827,100000,130,250000,2
"606",1957,1960,3,1,62.957386,61.331112,3000,42,70000,2
"1351",1982,1982,3,2,472.91589,406.44177,55000,130,250000,2
"1027",1922,1999,1,2,1203.9137,1184.5385,1074000,260,1700000,2
"700",1980,1981,3,1,406.44177,342.4115,60000,120,250000,2
"607",2000,2005,3,1,1379.2709,1356.1675,140000,80,150000,2
"1052",1960,1983,3,2,543.74213,472.91589,80000,110,190000,2
"1720",1940,2004,1,1,1356.1675,1330.5374,170000,100,200000,2
"3560",1979,2011,1,1,1552.5062,1511.9178,120000,91,125000,2
"1685",1950,1998,2,1,1184.5385,1164.1007,80000,79,75000,2
"3587",1960,1983,1,1,543.74213,472.91589,25000,70,200000,3
"609",1975,1975,3,1,157.80762,134.69173,30000,140,150000,3
"2676",1800,1990,2,2,860.39532,810.84827,10000,120,200000,2
"3618",2000,2009,3,2,1488.2941,1477.4307,180000,110,200000,2
"3573",1969,1970,1,2,92.129265,87.669952,25000,90,120000,2
"524",1984,1984,1,1,601.28632,543.74213,10000,80,150000,2
"673",1940,2001,1,1,1267.0298,1234.1951,25000,75,50000,1
"1400",1968,2004,2,2,1356.1675,1330.5374,175000,151,200000,2
"157",1982,1982,3,2,472.91589,406.44177,5000,160,500000,2
"3491",1970,1994,2,1,1045.3608,1005.754,120000,80,250000,1
"1015",1900,2011,1,1,1552.5062,1511.9178,30000,120,50000,2
"3290",1976,1976,1,2,183.8819,157.80762,7500,200,200000,2
"3240",1980,1980,3,2,342.4115,282.6434,60000,140,190000,2
"881",1960,1998,1,1,1184.5385,1164.1007,115000,100,100000,2
"2173",2004,2008,1,1,1477.4307,1431.71,153000,45,170000,3
"1761",1980,1981,2,2,406.44177,342.4115,33000,140,250000,2
"1453",2009,2009,2,1,1488.2941,1477.4307,195000,80,185000,2
"71",1980,1981,2,1,406.44177,342.4115,15000,92,100000,2
"758",1960,1979,1,1,282.6434,244.19604,5000,80,80000,2
"3668",1982,1984,3,2,601.28632,543.74213,20000,100,130000,2
"3360",1989,1989,3,1,810.84827,760.57489,30000,130,65000,3
"3584",1960,1999,1,1,1203.9137,1184.5385,130000,80,150000,2
"1021",2006,2009,2,2,1488.2941,1477.4307,120000,80,100000,3
"1202",1969,1970,1,2,92.129265,87.669952,5000,70,100000,2
"1319",1972,1972,1,2,102.16821,96.736008,7500,260,200000,2
"520",1979,2002,1,2,1298.5277,1267.0298,55000,105,150000,2
"2996",1969,1970,3,1,92.129265,87.669952,10000,80,60000,2
"2961",1970,2008,1,1,1477.4307,1431.71,145000,65,150000,2
"3716",1940,1962,2,2,68.102112,64.796478,10000,120,250000,3
"2467",1989,1989,3,2,810.84827,760.57489,55000,110,200000,2
"3471",1970,1980,2,1,342.4115,282.6434,200000,90,300000,3
"228",1900,2001,1,2,1267.0298,1234.1951,175000,150,200000,3
"2473",1982,1982,3,2,472.91589,406.44177,50000,110,190000,2
"1031",1920,1978,1,2,244.19604,217.17596,30000,200,800000,1
"2396",1955,2007,1,1,1431.71,1406.8323,230000,60,250000,2
"2614",1990,2001,1,2,1267.0298,1234.1951,140000,90,160000,2
"543",2011,2011,2,2,1552.5062,1511.9178,260000,105,240000,2
"325",1951,1998,1,1,1184.5385,1164.1007,60000,70,170000,2
"2106",1995,1996,2,2,1144.3562,1101.5402,150000,130,250000,2
"3550",1960,1971,2,2,96.736008,92.129265,12500,200,700000,1
"1672",1800,2000,2,1,1234.1951,1203.9137,140000,70,140000,2
"906",1911,1978,1,2,244.19604,217.17596,100000,250,1000000,2
"3567",1970,1996,1,2,1144.3562,1101.5402,50000,120,400000,2
"2329",1940,1991,2,1,915.35559,860.39532,30000,100,100000,2
"2245",1954,1954,2,1,53.425186,52.024548,500,96,80000,2
"1064",1968,1977,2,1,217.17596,183.8819,30000,90,200000,2
"3114",1969,2003,1,2,1330.5374,1298.5277,160000,130,250000,2
"3142",1970,2003,3,1,1330.5374,1298.5277,75000,110,180000,2
"260",1969,1969,2,1,87.669952,85.273788,6000,93,300000,2
"3041",1974,1974,1,1,134.69173,112.76212,20000,140,600000,2
"1950",1930,1993,2,2,1005.754,964.9964,20000,118,150000,2
"2465",1975,2013,2,2,1617.6464,1600.0632,220000,90,200000,2
"148",1980,1980,2,2,342.4115,282.6434,50000,300,600000,2
"1543",2011,2011,3,2,1552.5062,1511.9178,220000,150,250000,2
"2629",1960,2002,1,2,1298.5277,1267.0298,250000,100,300000,2
"537",1950,1988,1,1,760.57489,724.82721,65000,100,300000,2
"660",1960,1999,2,2,1203.9137,1184.5385,50000,185,220000,2
"752",1984,1985,1,2,652.92902,601.28632,50000,120,180000,2
"2420",1980,2000,1,2,1234.1951,1203.9137,123000,108,180000,2
"3859",1985,2014,1,2,1620.8849,1617.6464,2350,160,350000,2
"704",1980,1985,3,2,652.92902,601.28632,75000,90,200000,1
"2982",1965,1965,1,1,80.930824,77.562103,4000,110,180000,2
"719",1986,1986,1,2,692.88147,652.92902,60000,110,200000,3
"1218",1972,1973,1,1,112.76212,102.16821,10000,75,110000,3
"107",1977,1977,3,2,217.17596,183.8819,250000,130,300000,2
"1410",2005,2010,1,1,1511.9178,1488.2941,60000,60,100000,2
"1234",1970,1978,3,1,244.19604,217.17596,9000,47,40000,2
"2003",1978,1978,3,2,244.19604,217.17596,12500,115,150000,2
"2794",1960,1980,1,1,342.4115,282.6434,60000,90,100000,2
"2770",1972,1974,3,2,134.69173,112.76212,9000,100,100000,2
"3007",1980,1987,2,2,724.82721,692.88147,90000,120,400000,2
"394",1970,1978,1,2,244.19604,217.17596,30000,80,140000,2
"3137",1980,2004,1,2,1356.1675,1330.5374,126000,97,120000,2
"2174",1996,1998,1,2,1184.5385,1164.1007,105000,220,300000,2
"2319",2000,2009,3,2,1488.2941,1477.4307,70000,80,90000,2
"381",1978,1978,2,2,244.19604,217.17596,70000,190,300000,2
"991",1955,1964,1,1,77.562103,73.220169,15000,120,80000,2
"2073",1950,2008,1,1,1477.4307,1431.71,200000,80,200000,2
"2843",1928,2001,1,2,1267.0298,1234.1951,230000,110,400000,2
"3047",1960,2001,1,1,1267.0298,1234.1951,135000,120,300000,2
"2460",1990,1997,3,2,1164.1007,1144.3562,200000,150,400000,2
"1128",1977,1977,1,2,217.17596,183.8819,15000,150,300000,2
"1139",1982,1983,3,2,543.74213,472.91589,20000,95,80000,2
"470",1979,1979,1,2,282.6434,244.19604,50000,120,100000,2
"2470",1952,1991,1,2,915.35559,860.39532,110000,300,250000,2
"880",1993,1994,1,2,1045.3608,1005.754,100000,100,150000,2
"3603",1930,1985,1,2,652.92902,601.28632,50000,130,300000,2
"1893",1600,1990,3,2,860.39532,810.84827,80000,90,300000,2
"1461",1912,1932,2,2,0.80207443,0.82366604,1500,200,300000,2
"2962",1981,1981,3,2,406.44177,342.4115,30000,160,100000,2
"2394",1950,2006,1,1,1406.8323,1379.2709,250000,70,300000,3
"2878",1971,1972,1,2,102.16821,96.736008,30000,140,400000,2
"3059",1956,1992,1,1,964.9964,915.35559,23000,38,40000,3
"100",1988,1988,3,2,760.57489,724.82721,70000,100,150000,3
"1079",2000,2002,1,2,1298.5277,1267.0298,180000,110,220000,3
"1547",1985,1986,1,2,692.88147,652.92902,40000,96,250000,2
"3277",1970,1970,3,1,92.129265,87.669952,20000,80,75000,3
"1291",1980,1984,3,2,601.28632,543.74213,50000,150,200000,2
"310",1999,1999,1,2,1203.9137,1184.5385,75000,110,270000,3
"3265",1989,1989,1,2,810.84827,760.57489,150000,120,350000,2
"3034",1996,1996,2,2,1144.3562,1101.5402,125000,130,250000,3
"21",1988,1988,3,2,760.57489,724.82721,50000,140,250000,2
"451",2004,2004,3,2,1356.1675,1330.5374,140000,120,160000,2
"3481",1968,1997,2,2,1164.1007,1144.3562,180000,75,390000,3
"360",1960,1990,3,1,860.39532,810.84827,15000,80,60000,3
"3920",1930,2000,2,1,1234.1951,1203.9137,90000,60,150000,2
"864",1950,1994,1,2,1045.3608,1005.754,50000,200,300000,3
"1445",1950,1967,3,1,84.200714,82.55233,40000,50,60000,2
"2014",1978,1978,3,2,244.19604,217.17596,25000,110,150000,2
"1980",1978,1990,2,2,860.39532,810.84827,30000,80,220000,2
"3042",1983,1985,1,2,652.92902,601.28632,30000,120,200000,2
"1649",1977,1977,2,2,217.17596,183.8819,10000,100,200000,3
"586",1999,2011,1,2,1552.5062,1511.9178,150000,118,200000,2
"717",1966,1980,1,1,342.4115,282.6434,12000,84,90000,3
"963",1988,1988,1,2,760.57489,724.82721,180000,200,700000,2
"2464",2005,2007,2,1,1431.71,1406.8323,85000,80,150000,2
"1530",1938,2007,3,2,1431.71,1406.8323,115000,110,120000,2
"612",1970,1972,2,1,102.16821,96.736008,10000,100,270000,2
"254",1961,1979,2,2,282.6434,244.19604,100000,400,2000000,2
"2069",1960,1995,3,1,1101.5402,1045.3608,60000,110,180000,2
"3317",1990,2002,2,2,1298.5277,1267.0298,220000,115,130000,3
"334",1993,1994,1,2,1045.3608,1005.754,157000,180,250000,2
"488",2007,2010,1,1,1511.9178,1488.2941,450000,90,900000,2
"2651",2005,2006,2,2,1406.8323,1379.2709,175000,100,200000,2
"3758",1870,1970,1,1,92.129265,87.669952,35000,70,300000,1
"1898",1950,1982,3,1,472.91589,406.44177,40000,80,350000,3
"2474",1990,1990,1,2,860.39532,810.84827,30000,240,500000,2
"3934",1975,1998,1,2,1184.5385,1164.1007,210000,140,300000,2
"1778",1969,1970,3,1,92.129265,87.669952,5000,47,25000,3
"2981",1994,1995,1,2,1101.5402,1045.3608,100000,70,180000,2
"984",1964,1966,1,2,82.55233,80.930824,30000,70,180000,2
"2861",1978,1979,1,2,282.6434,244.19604,17500,115,200000,3
"740",1964,2006,2,2,1406.8323,1379.2709,600000,107,700000,3
"77",1978,1978,3,1,244.19604,217.17596,10000,110,160000,3
"1969",1990,1997,2,1,1164.1007,1144.3562,10000,68,100000,3
"2534",1990,1998,1,1,1184.5385,1164.1007,85000,80,90000,3
"1628",1950,1959,3,1,61.331112,61.583023,5000,60,30000,2
"974",1973,1995,1,1,1101.5402,1045.3608,130000,85,190000,2
"2148",1950,2014,1,1,1620.8849,1617.6464,217000,100,300000,3
"898",1975,2000,1,1,1234.1951,1203.9137,35000,60,90000,2
"3737",2008,2009,1,1,1488.2941,1477.4307,210000,87,180000,2
"895",1966,1968,3,2,85.273788,84.200714,40000,90,160000,3
"2941",1983,1984,1,2,601.28632,543.74213,50000,150,250000,3
"2775",1950,1980,3,2,342.4115,282.6434,20000,130,130000,2
"3259",1960,1983,1,1,543.74213,472.91589,50000,70,130000,2
"3840",1950,1989,1,2,810.84827,760.57489,120000,100,170000,2
"3517",1955,1996,1,2,1144.3562,1101.5402,50000,150,230000,2
"961",1983,1983,1,2,543.74213,472.91589,30000,200,300000,3
"1938",1964,1985,3,1,652.92902,601.28632,60000,100,200000,2
"2005",1990,2003,3,2,1330.5374,1298.5277,90000,110,180000,2
"80",1987,1988,2,2,760.57489,724.82721,20000,120,300000,2
"732",1975,1981,2,2,406.44177,342.4115,30000,90,120000,2
"2632",1969,1974,1,2,134.69173,112.76212,16000,140,400000,1
"3139",1950,2004,1,1,1356.1675,1330.5374,75000,80,120000,2
"3357",1960,1995,2,2,1101.5402,1045.3608,90000,100,250000,2
"1483",1958,1983,1,2,543.74213,472.91589,22000,160,350000,2
"250",1978,1983,2,1,543.74213,472.91589,33000,80,240000,2
"2752",1900,2006,2,2,1406.8323,1379.2709,300000,150,300000,2
"1220",1992,1994,1,2,1045.3608,1005.754,100000,120,300000,2
"3415",1979,1994,3,2,1045.3608,1005.754,135000,68,200000,2
"3507",1979,1979,1,2,282.6434,244.19604,50000,120,200000,2
"3837",2008,2008,1,1,1477.4307,1431.71,212500,70,200000,3
"220",2013,2014,1,2,1620.8849,1617.6464,220000,100,220000,2
"138",1970,1980,1,2,342.4115,282.6434,30000,180,200000,2
"3843",1963,1965,1,1,80.930824,77.562103,8500,107,85000,2
"1580",2000,2005,1,2,1379.2709,1356.1675,125000,100,135000,2
"1482",1990,2001,1,2,1267.0298,1234.1951,60000,180,300000,3
"2437",2005,2006,1,2,1406.8323,1379.2709,280000,129,280000,1
"13",1950,1959,3,1,61.331112,61.583023,20000,70,100000,3
"2169",1965,1965,1,1,80.930824,77.562103,6000,120,200000,2
"226",2001,2001,1,2,1267.0298,1234.1951,480000,250,400000,2
"778",1970,1985,1,1,652.92902,601.28632,65000,80,195000,2
"771",1950,1965,3,2,80.930824,77.562103,4500,100,200000,2
"3554",2007,2007,2,2,1431.71,1406.8323,190000,100,220000,2
"2960",2007,2009,1,2,1488.2941,1477.4307,200000,60,200000,2
"2733",1962,1965,2,1,80.930824,77.562103,30000,80,200000,2
"3454",1992,1993,1,2,1005.754,964.9964,160000,200,350000,3
"3727",1980,1981,2,1,406.44177,342.4115,17000,80,150000,2
"2249",1969,1969,2,1,87.669952,85.273788,20000,100,120000,2
"2965",1990,1990,3,2,860.39532,810.84827,10000,180,80000,2
"1178",1984,1984,3,2,601.28632,543.74213,100000,120,400000,2
"219",1976,1977,1,2,217.17596,183.8819,60000,180,500000,3
"2045",1940,1988,3,2,760.57489,724.82721,80000,150,450000,2
"3923",1980,1980,2,2,342.4115,282.6434,49999,150,600000,2
"2398",1997,1997,3,1,1164.1007,1144.3562,100000,100,250000,2
"1853",1960,1962,1,1,68.102112,64.796478,2000,80,140000,2
"3530",1980,1980,3,2,342.4115,282.6434,100000,250,600000,3
"1258",1978,2007,3,1,1431.71,1406.8323,85000,90,100000,2
"1374",2006,2007,1,1,1431.71,1406.8323,150000,50,130000,2
"3479",1997,1999,2,1,1203.9137,1184.5385,50000,50,150000,2
"2337",1993,1994,1,2,1045.3608,1005.754,125000,190,230000,2
"1739",1980,2008,3,2,1477.4307,1431.71,120000,100,200000,3
"3556",1966,1967,1,2,84.200714,82.55233,1800,76,180000,3
"919",1968,1968,2,1,85.273788,84.200714,4000,98,250000,3
"3729",1993,1994,2,1,1045.3608,1005.754,80000,50,70000,2
"2641",1960,1992,1,2,964.9964,915.35559,60000,100,150000,2
"3346",1970,2011,2,1,1552.5062,1511.9178,250000,84,250000,2
"3070",1961,1997,3,2,1164.1007,1144.3562,15000,110,250000,3
"912",1965,2008,3,2,1477.4307,1431.71,130000,95,150000,2
"2412",1977,1978,1,2,244.19604,217.17596,100000,90,130000,3
"158",2000,2005,2,2,1379.2709,1356.1675,200000,110,400000,2
"2847",1965,1986,1,1,692.88147,652.92902,40000,80,150000,3
"3465",1985,1985,2,2,652.92902,601.28632,40000,100,400000,2
"1481",1960,2010,3,1,1511.9178,1488.2941,80000,60,100000,3
"2709",1900,2005,2,1,1379.2709,1356.1675,70000,60,70000,2
"2669",1975,1975,3,1,157.80762,134.69173,25000,95,85000,2
"3205",1995,1996,1,2,1144.3562,1101.5402,80000,90,150000,2
"1730",1988,1988,3,1,760.57489,724.82721,50000,84,120000,2
"2221",1930,1983,1,1,543.74213,472.91589,35000,100,350000,2
"2952",1971,1972,1,1,102.16821,96.736008,5500,72,110000,2
"2181",1990,2013,2,2,1617.6464,1600.0632,170000,100,200000,1
"2772",1978,1978,3,2,244.19604,217.17596,70000,78,90000,2
"1587",1965,1970,1,1,92.129265,87.669952,40000,80,120000,3
"1657",1950,1975,3,2,157.80762,134.69173,10000,100,80000,3
"2453",1959,1982,1,2,472.91589,406.44177,20000,160,300000,2
"1376",1990,1992,2,2,964.9964,915.35559,60000,180,260000,2
"829",1996,2003,2,1,1330.5374,1298.5277,125000,70,250000,2
"2297",1970,1985,3,1,652.92902,601.28632,17000,110,180000,2
"3271",1996,2005,1,2,1379.2709,1356.1675,200000,120,300000,2
"1036",1980,1982,2,2,472.91589,406.44177,50000,140,200000,2
"351",1945,1947,3,2,42.098171,25.977219,7000,130,190000,2
"3309",1950,1962,3,1,68.102112,64.796478,5000,70,85000,2
"1157",1969,1999,2,1,1203.9137,1184.5385,15000,100,200000,2
"2773",1963,1965,3,2,80.930824,77.562103,10000,90,80000,2
"1509",1980,2000,1,1,1234.1951,1203.9137,150000,70,180000,3
"1638",2004,2004,3,2,1356.1675,1330.5374,170000,100,180000,2
"2706",1965,1970,3,2,92.129265,87.669952,50000,100,400000,2
"1563",1900,1991,3,2,915.35559,860.39532,140000,100,360000,2
"3488",1960,1997,2,1,1164.1007,1144.3562,70000,70,170000,2
"968",1960,1988,1,2,760.57489,724.82721,60000,70,140000,2
"58",2004,2004,1,2,1356.1675,1330.5374,150000,74,350000,2
"1549",2007,2007,1,2,1431.71,1406.8323,240000,140,400000,2
"50",1978,1978,1,1,244.19604,217.17596,20000,70,100000,2
"1177",1964,1985,1,1,652.92902,601.28632,22000,85,210000,2
"706",1991,2013,3,2,1617.6464,1600.0632,67000,94,130000,2
"1884",1950,1990,3,1,860.39532,810.84827,160000,80,250000,2
"2942",1955,1997,1,1,1164.1007,1144.3562,32000,60,150000,2
"3130",1960,1987,1,1,724.82721,692.88147,35000,86,95000,2
"3254",1850,1932,2,1,0.80207443,0.82366604,5000,80,150000,2
"2921",2002,2002,1,2,1298.5277,1267.0298,200000,110,240000,2
"2698",1900,1970,3,1,92.129265,87.669952,8000,90,60000,2
"3705",1985,2010,3,1,1511.9178,1488.2941,160000,80,170000,2
"514",1980,1980,1,1,342.4115,282.6434,7500,110,170000,3
"315",1963,1969,3,1,87.669952,85.273788,7000,150,160000,2
"1336",1980,1995,2,2,1101.5402,1045.3608,13000,70,200000,2
"2125",1940,2006,1,1,1406.8323,1379.2709,85000,45,85000,3
"155",1996,1996,3,2,1144.3562,1101.5402,250000,250,600000,2
"2875",1968,1968,3,2,85.273788,84.200714,3000,160,300000,2
"2479",2006,2006,1,1,1406.8323,1379.2709,136000,80,120000,2
"3294",1996,1998,1,2,1184.5385,1164.1007,45000,58,80000,2
"3169",2006,2006,2,2,1406.8323,1379.2709,320000,75,230000,2
"1251",1900,2003,2,2,1330.5374,1298.5277,120000,70,120000,3
"490",1965,1982,1,2,472.91589,406.44177,200000,140,700000,3
"1364",1969,1975,2,1,157.80762,134.69173,6000,70,70000,2
"3654",1970,1976,1,1,183.8819,157.80762,15000,75,200000,2
"1069",1970,2013,2,1,1617.6464,1600.0632,145000,90,200000,2
"1191",1900,2001,2,1,1267.0298,1234.1951,200000,75,210000,2
"3214",1964,1968,1,1,85.273788,84.200714,25000,95,200000,2
"2097",1978,2000,1,2,1234.1951,1203.9137,175000,145,320000,2
"2616",1960,1970,3,2,92.129265,87.669952,50000,150,200000,2
"2353",1970,1970,1,2,92.129265,87.669952,30000,90,170000,2
"741",1963,1987,2,2,724.82721,692.88147,75000,95,300000,2
"485",1990,1990,2,2,860.39532,810.84827,50000,140,300000,3
"1773",1980,2005,2,2,1379.2709,1356.1675,270000,220,350000,1
"373",1986,1986,2,2,692.88147,652.92902,70000,250,500000,3
"3065",1950,2006,1,1,1406.8323,1379.2709,112000,82,100000,1
"227",1975,2000,1,1,1234.1951,1203.9137,85000,100,90000,2
"2362",1980,2006,3,2,1406.8323,1379.2709,145000,100,200000,2
"1074",1950,1999,3,2,1203.9137,1184.5385,200000,100,500000,2
"781",1965,1967,1,1,84.200714,82.55233,50000,75,200000,3
"2095",1952,1975,1,1,157.80762,134.69173,15000,70,155000,2
"1957",1950,2005,3,1,1379.2709,1356.1675,55000,77,80000,2
"205",1890,1978,1,1,244.19604,217.17596,16000,95,200000,2
"1561",1990,1990,3,1,860.39532,810.84827,25000,30,40000,3
"2590",1986,1986,2,1,692.88147,652.92902,40000,60,100000,2
"730",1950,1974,3,1,134.69173,112.76212,50000,80,250000,2
"3777",1960,2009,1,1,1488.2941,1477.4307,70000,80,160000,2
"1552",1983,1983,1,2,543.74213,472.91589,30000,60,150000,2
"331",1955,1955,2,1,54.921955,53.425186,50000,150,500000,2
"2692",1950,1973,2,1,112.76212,102.16821,15000,80,180000,2
"3124",1965,1965,3,1,80.930824,77.562103,4500,100,280000,2
"768",1970,1970,2,1,92.129265,87.669952,150000,90,180000,2
"26",1900,1964,3,2,77.562103,73.220169,2500,100,80000,2
"3207",1984,1984,1,2,601.28632,543.74213,80000,300,800000,1
"3026",1980,1986,3,2,692.88147,652.92902,50000,133,100000,2
"3856",1960,1970,1,1,92.129265,87.669952,10000,90,180000,2
"3667",2004,2004,3,2,1356.1675,1330.5374,70000,140,150000,2
"796",1991,1992,1,2,964.9964,915.35559,100000,200,300000,2
"3494",1949,1950,2,2,44.618885,45.22831,30000,160,800000,2
"1592",1960,2008,1,1,1477.4307,1431.71,100000,60,120000,3
"1795",1980,1995,2,2,1101.5402,1045.3608,100000,100,200000,2
"300",1984,1984,3,2,601.28632,543.74213,40000,100,200000,2
"3782",1970,1981,3,2,406.44177,342.4115,20000,120,250000,1
"2072",1970,1971,1,1,96.736008,92.129265,13500,80,200000,3
"3143",1994,1994,3,2,1045.3608,1005.754,100000,110,200000,2
"1381",1969,1969,3,2,87.669952,85.273788,30000,90,300000,2
"1911",1970,1990,2,1,860.39532,810.84827,15000,88,100000,2
"851",1970,1993,1,1,1005.754,964.9964,90000,90,150000,2
"2141",1954,1970,1,1,92.129265,87.669952,50000,100,200000,2
"346",1973,2011,1,1,1552.5062,1511.9178,210000,80,300000,2
"3921",1989,1990,2,2,860.39532,810.84827,125000,120,500000,3
"2151",1880,2007,1,1,1431.71,1406.8323,18000,70,85000,2
"2422",1963,1991,3,2,915.35559,860.39532,130000,120,350000,2
"3875",1973,1975,2,1,157.80762,134.69173,20000,80,220000,2
"1077",1981,1981,1,2,406.44177,342.4115,20000,90,160000,2
"1958",1951,1973,1,2,112.76212,102.16821,20000,170,700000,2
"2403",1964,1965,3,1,80.930824,77.562103,50000,80,70000,2
"320",1960,1975,1,1,157.80762,134.69173,20000,72,145000,2
"1935",1969,1991,3,2,915.35559,860.39532,160000,120,400000,2
"3390",1982,1982,3,2,472.91589,406.44177,45000,180,250000,2
"3901",1962,1962,1,2,68.102112,64.796478,12000,120,800000,2
"3664",2004,2004,2,2,1356.1675,1330.5374,300000,120,450000,2
"3539",2000,2012,1,1,1600.0632,1552.5062,70000,65,70000,2
"1767",1984,2013,1,1,1617.6464,1600.0632,207000,94,235000,2
"3448",1987,1987,2,2,724.82721,692.88147,50000,90,160000,2
"3381",1967,2003,1,2,1330.5374,1298.5277,131000,97,140000,3
"923",1983,1983,3,2,543.74213,472.91589,25000,210,250000,2
"1038",1996,1996,2,2,1144.3562,1101.5402,230000,100,270000,3
"3663",1930,1969,2,1,87.669952,85.273788,3000,80,300000,2
"947",1974,2003,1,1,1330.5374,1298.5277,85000,90,160000,2
"2866",1900,2007,1,1,1431.71,1406.8323,120000,70,180000,1
"1555",1970,1970,2,2,92.129265,87.669952,7500,300,300000,2
"2292",1997,2001,1,2,1267.0298,1234.1951,200000,160,300000,3
"2039",1900,1993,3,2,1005.754,964.9964,130000,160,600000,3
"2920",1300,1999,2,2,1203.9137,1184.5385,500000,500,1500000,2
"2296",1981,1982,3,2,472.91589,406.44177,56000,110,220000,2
"3858",1960,1960,1,1,62.957386,61.331112,5000,90,300000,2
"326",1970,1983,1,1,543.74213,472.91589,120000,90,230000,3
"3811",1985,2005,1,1,1379.2709,1356.1675,260000,100,250000,2
"3646",1980,1980,1,2,342.4115,282.6434,35000,120,350000,2
"1613",1976,2010,2,1,1511.9178,1488.2941,47000,82,150000,2
"1451",1900,1994,1,1,1045.3608,1005.754,20000,90,120000,2
"816",1976,1976,1,2,183.8819,157.80762,5000,120,300000,2
"1867",1990,1990,2,2,860.39532,810.84827,100000,120,200000,2
"98",1964,1964,1,2,77.562103,73.220169,15000,200,250000,2
"970",1984,1985,3,2,652.92902,601.28632,150000,200,500000,3
"328",1979,1979,3,2,282.6434,244.19604,18000,100,150000,3
"185",1983,1990,1,2,860.39532,810.84827,35000,180,300000,2
"3458",1900,2008,1,1,1477.4307,1431.71,155000,57,110000,3
"2930",1979,1979,1,1,282.6434,244.19604,25000,80,135000,2
"2286",1970,1973,2,2,112.76212,102.16821,25000,105,650000,2
"667",1961,1962,2,1,68.102112,64.796478,1500,90,220000,3
"2325",1920,2004,2,2,1356.1675,1330.5374,165000,160,350000,2
"2209",1974,2000,3,1,1234.1951,1203.9137,8000,90,90000,2
"3656",1969,1970,1,1,92.129265,87.669952,35000,75,100000,2
"3017",2000,2008,1,1,1477.4307,1431.71,125000,55,125000,2
"1755",1972,1994,1,1,1045.3608,1005.754,159000,100,130000,3
"1959",1960,1995,1,2,1101.5402,1045.3608,250000,120,500000,2
"932",1980,2000,1,1,1234.1951,1203.9137,100000,80,160000,2
"1669",1900,1980,2,1,342.4115,282.6434,150000,55,200000,2
"10",1982,2014,1,1,1620.8849,1617.6464,150000,110,170000,2
"2092",1995,2013,1,2,1617.6464,1600.0632,190000,70,190000,3
"1923",1950,2007,1,2,1431.71,1406.8323,70000,95,200000,2
"3097",1970,1998,1,1,1184.5385,1164.1007,50000,35,120000,2
"2548",1975,2009,1,1,1488.2941,1477.4307,40000,50,50000,2
"340",1980,1980,1,2,342.4115,282.6434,34000,100,170000,3
"2457",1995,1995,2,2,1101.5402,1045.3608,700000,550,1500000,2
"3388",1986,1986,3,2,692.88147,652.92902,44000,98,180000,2
"1794",1929,1980,2,2,342.4115,282.6434,150000,150,800000,2
"2247",1960,1972,2,1,102.16821,96.736008,5000,72,70000,2
"3644",1995,2007,2,2,1431.71,1406.8323,260000,87,280000,2
"292",1970,1970,3,2,92.129265,87.669952,20000,100,130000,3
"1227",1895,2006,1,1,1406.8323,1379.2709,70000,50,100000,2
"39",2006,2007,1,1,1431.71,1406.8323,185000,90,180000,3
"1090",1982,1983,1,2,543.74213,472.91589,50000,103,85000,2
"1408",2004,2008,2,2,1477.4307,1431.71,192000,111,190000,2
"1603",1978,1980,1,2,342.4115,282.6434,80000,240,600000,2
"1873",1980,2004,1,2,1356.1675,1330.5374,150000,150,200000,2
"1466",1997,1997,1,2,1164.1007,1144.3562,200000,250,800000,3
"2309",1998,2001,3,1,1267.0298,1234.1951,50000,90,60000,2
"3914",1986,1987,3,2,724.82721,692.88147,60000,120,130000,2
"2105",1962,1975,1,1,157.80762,134.69173,25000,80,100000,3
"372",1985,1986,1,2,692.88147,652.92902,70000,110,230000,2
"3472",1964,1986,2,1,692.88147,652.92902,16000,64,200000,2
"1487",2000,2010,1,2,1511.9178,1488.2941,150000,80,180000,3
"3736",2004,2014,1,1,1620.8849,1617.6464,164000,85,180000,2
"867",1960,1960,1,1,62.957386,61.331112,20000,120,250000,2
"1477",1976,1980,3,1,342.4115,282.6434,50000,80,90000,2
"472",1987,1989,3,2,810.84827,760.57489,75000,170,300000,2
"3358",1960,1991,2,1,915.35559,860.39532,50000,80,180000,2
"2496",1890,1985,1,1,652.92902,601.28632,17000,90,95000,3
"2240",1980,1986,1,2,692.88147,652.92902,50000,180,180000,2
"2849",1957,1977,1,1,217.17596,183.8819,16000,83,250000,2
"1478",1970,2006,3,2,1406.8323,1379.2709,75000,130,150000,2
"583",1950,2000,1,1,1234.1951,1203.9137,100000,76,200000,2
"3199",1958,1972,2,1,102.16821,96.736008,3500,80,130000,2
"3645",1969,1969,1,1,87.669952,85.273788,3000,110,180000,2
"2424",1948,2011,3,2,1552.5062,1511.9178,270000,80,250000,3
"144",1968,1974,1,2,134.69173,112.76212,10000,110,190000,3
"1270",1980,1980,3,2,342.4115,282.6434,20000,100,130000,2
"2923",1971,1996,3,2,1144.3562,1101.5402,100000,120,180000,2
"921",1965,2007,2,2,1431.71,1406.8323,120000,120,120000,2
"3546",1950,1962,1,1,68.102112,64.796478,5000,50,70000,2
"2684",1800,1980,1,1,342.4115,282.6434,150000,85,250000,2
"643",1950,1996,2,2,1144.3562,1101.5402,25000,110,500000,2
"362",2009,2011,3,2,1552.5062,1511.9178,235000,177,280000,2
"2745",1800,1981,2,1,406.44177,342.4115,110000,80,250000,2
"1039",1974,1974,3,1,134.69173,112.76212,10000,85,80000,2
"1180",1960,1989,3,1,810.84827,760.57489,45000,100,150000,2
"1635",1990,1990,2,2,860.39532,810.84827,120000,120,180000,2
"165",1998,2003,3,1,1330.5374,1298.5277,90000,100,150000,3
"141",1957,1976,3,1,183.8819,157.80762,45000,110,180000,2
"429",1993,1995,1,2,1101.5402,1045.3608,160000,95,160000,2
"1805",1970,1991,2,2,915.35559,860.39532,80000,100,150000,2
"2251",1961,1961,2,1,64.796478,62.957386,7000,85,150000,2
"2313",1990,2010,3,1,1511.9178,1488.2941,70000,90,120000,2
"2854",1958,2005,1,1,1379.2709,1356.1675,135000,75,120000,2
"590",1970,1983,3,1,543.74213,472.91589,20000,100,90000,2
"2765",1940,2009,2,1,1488.2941,1477.4307,180000,77,220000,1
"2499",1995,2002,1,1,1298.5277,1267.0298,130000,100,120000,2
"2604",1980,1981,2,2,406.44177,342.4115,175000,100,160000,3
"1114",1920,1999,3,1,1203.9137,1184.5385,80000,150,130000,2
"2214",1970,1971,1,1,96.736008,92.129265,16000,80,120000,3
"3526",1975,2002,1,1,1298.5277,1267.0298,155000,80,160000,2
"2050",1988,1988,1,2,760.57489,724.82721,85000,135,200000,2
"3759",1985,2003,1,2,1330.5374,1298.5277,190000,100,230000,2
"850",1936,1969,1,2,87.669952,85.273788,60000,130,400000,3
"722",1960,1966,2,1,82.55233,80.930824,2000,110,250000,2
"3399",1900,1991,1,2,915.35559,860.39532,70000,100,190000,2
"621",1995,1999,3,2,1203.9137,1184.5385,160000,110,220000,3
"2581",1990,2013,2,2,1617.6464,1600.0632,115000,115,120000,3
"29",1930,1996,1,2,1144.3562,1101.5402,115000,85,180000,2
"1464",1960,1983,2,1,543.74213,472.91589,15000,70,120000,2
"211",1929,1968,1,2,85.273788,84.200714,9000,111,130000,2
"2778",1950,1964,2,1,77.562103,73.220169,3000,90,100000,2
"3027",1954,1975,2,1,157.80762,134.69173,7000,145,250000,2
"2380",1981,1981,3,2,406.44177,342.4115,70000,90,150000,3
"694",1970,1999,1,2,1203.9137,1184.5385,100000,80,200000,2
"3394",1958,1960,3,1,62.957386,61.331112,15000,90,240000,2
"3904",1991,1992,1,1,964.9964,915.35559,140000,76,200000,2
"1807",1955,1990,2,1,860.39532,810.84827,16500,80,110000,2
"2624",1960,1985,1,1,652.92902,601.28632,25000,80,150000,2
"2984",1983,1985,1,2,652.92902,601.28632,80000,100,300000,3
"243",1968,1968,2,2,85.273788,84.200714,4000,180,330000,2
"1726",1980,2010,1,2,1511.9178,1488.2941,140000,90,160000,3
"1495",1998,2000,1,2,1234.1951,1203.9137,140000,100,180000,3
"2043",1889,2008,3,1,1477.4307,1431.71,40000,45,70000,2
"3068",1950,2013,3,2,1617.6464,1600.0632,50000,120,180000,3
"2790",1999,1999,1,2,1203.9137,1184.5385,130000,120,290000,2
"828",2000,2005,3,2,1379.2709,1356.1675,120000,175,150000,2
"1772",1965,2007,1,1,1431.71,1406.8323,95000,70,80000,2
"865",1995,1995,3,2,1101.5402,1045.3608,50000,250,260000,3
"1743",1984,1984,2,1,601.28632,543.74213,250000,90,200000,2
"43",1988,1988,1,2,760.57489,724.82721,100000,160,500000,2
"1526",1990,2007,1,1,1431.71,1406.8323,169000,80,190000,2
"15",1980,1980,3,2,342.4115,282.6434,45000,110,150000,2
"3833",1950,1970,1,1,92.129265,87.669952,52000,120,200000,3
"1576",1957,1960,1,2,62.957386,61.331112,10000,100,120000,3
"2788",1954,1954,1,1,53.425186,52.024548,20000,70,100000,2
"73",1974,1984,3,2,601.28632,543.74213,20000,200,500000,2
"2656",1998,1998,1,2,1184.5385,1164.1007,100000,110,190000,2
"2625",1990,1990,1,3,860.39532,810.84827,200000,200,550000,2
"546",1962,1962,3,2,68.102112,64.796478,10000,180,300000,2
"2612",1970,1995,1,1,1101.5402,1045.3608,20000,70,70000,2
"3871",1987,1987,1,2,724.82721,692.88147,75000,200,280000,2
"3362",1965,2009,3,1,1488.2941,1477.4307,68000,98,70000,2
"1897",1990,2011,3,1,1552.5062,1511.9178,170000,100,150000,2
"3175",1960,1979,1,2,282.6434,244.19604,25000,200,450000,1
"578",1957,1990,2,1,860.39532,810.84827,25000,90,130000,3
"2720",1986,1994,3,2,1045.3608,1005.754,40000,100,80000,2
"2830",1800,1962,3,1,68.102112,64.796478,1500,40,10000,3
"1125",1990,1991,3,2,915.35559,860.39532,40000,90,150000,3
"1044",1973,2012,1,2,1600.0632,1552.5062,90000,115,150000,2
"2075",1990,1990,3,2,860.39532,810.84827,300000,340,550000,2
"3954",1980,2014,3,2,1620.8849,1617.6464,100000,110,150000,2
"3442",1970,1985,3,2,652.92902,601.28632,45000,90,100000,2
"3108",1960,2002,1,1,1298.5277,1267.0298,70000,45,250000,1
"244",1995,1995,2,2,1101.5402,1045.3608,160000,150,380000,2
"2330",1998,1999,2,2,1203.9137,1184.5385,90000,270,1000000,2
"1716",1985,2005,1,2,1379.2709,1356.1675,110000,80,140000,2
"1770",1998,2006,1,1,1406.8323,1379.2709,92000,35,92000,2
"2823",1972,1972,1,2,102.16821,96.736008,25000,140,400000,3
"149",1900,1990,1,1,860.39532,810.84827,15000,65,150000,2
"1300",2007,2007,3,2,1431.71,1406.8323,220000,100,250000,2
"619",2002,2011,3,2,1552.5062,1511.9178,125000,120,180000,3
"515",2000,2003,1,1,1330.5374,1298.5277,50000,60,110000,2
"1639",1950,2008,1,1,1477.4307,1431.71,85000,90,130000,2
"2430",1970,1975,3,2,157.80762,134.69173,40000,80,120000,2
"693",1984,1984,3,2,601.28632,543.74213,50000,130,120000,2
"1955",2000,2000,1,1,1234.1951,1203.9137,190000,80,250000,2
"1614",1950,1965,1,1,80.930824,77.562103,5000,90,170000,3
"1341",1960,1991,2,1,915.35559,860.39532,90000,70,180000,2
"1633",2005,2006,1,2,1406.8323,1379.2709,225000,140,220000,2
"3661",1976,1976,1,2,183.8819,157.80762,15000,100,180000,2
"1585",1900,1997,1,2,1164.1007,1144.3562,80000,200,350000,1
"1694",1971,1972,2,2,102.16821,96.736008,25000,140,600000,3
"1588",1950,1979,2,2,282.6434,244.19604,8000,120,130000,2
"6",1960,1986,2,2,692.88147,652.92902,25000,120,500000,2
"370",1973,2012,2,2,1600.0632,1552.5062,70000,95,150000,2
"3363",1968,1971,3,2,96.736008,92.129265,15000,110,60000,2
"3726",1978,1978,2,2,244.19604,217.17596,30000,100,250000,2
"474",1983,2004,3,2,1356.1675,1330.5374,70000,110,280000,2
"3635",2007,2000,3,2,1234.1951,1203.9137,250000,220,350000,3
"2710",1974,1974,2,1,134.69173,112.76212,5500,100,120000,2
"2668",2002,2002,3,2,1298.5277,1267.0298,175000,140,270000,2
"3602",1800,1990,1,2,860.39532,810.84827,45000,90,190000,2
"1769",1995,2000,1,1,1234.1951,1203.9137,83000,90,130000,2
"159",1970,1972,2,2,102.16821,96.736008,5000,110,180000,2
"1470",1995,1998,3,1,1184.5385,1164.1007,90000,100,120000,2
"258",1985,1985,2,2,652.92902,601.28632,60000,95,230000,2
"2755",1993,1996,2,2,1144.3562,1101.5402,90000,110,200000,2
"1399",1980,1980,1,2,342.4115,282.6434,30000,210,300000,2
"642",1988,1989,2,2,810.84827,760.57489,200000,200,300000,2
"30",1968,1969,3,2,87.669952,85.273788,10000,82,120000,2
"2542",1996,1997,1,2,1164.1007,1144.3562,180000,240,300000,2
"252",1992,1994,2,1,1045.3608,1005.754,75000,98,250000,2
"167",1981,1981,2,2,406.44177,342.4115,10000,100,170000,2
"3749",1900,1969,1,1,87.669952,85.273788,35000,70,100000,1
"761",1920,1959,1,1,61.331112,61.583023,10000,110,150000,2
"3590",1940,1981,1,1,406.44177,342.4115,10000,90,200000,3
"993",1992,2003,3,2,1330.5374,1298.5277,113000,200,150000,3
"1261",1975,1995,3,1,1101.5402,1045.3608,50000,55,75000,2
"2999",1969,1995,3,1,1101.5402,1045.3608,20000,70,40000,2
"1960",1950,2011,1,1,1552.5062,1511.9178,88000,56,100000,2
"1749",1985,2012,1,2,1600.0632,1552.5062,40000,130,200000,2
"1644",1980,1992,2,2,964.9964,915.35559,30000,200,350000,1
"1787",1800,1976,1,1,183.8819,157.80762,4000,55,150000,2
"1583",1989,1989,1,2,810.84827,760.57489,60000,110,230000,3
"1840",1930,2006,1,1,1406.8323,1379.2709,300000,90,450000,2
"1944",1973,1980,3,2,342.4115,282.6434,19000,120,250000,2
"3337",1960,2000,1,1,1234.1951,1203.9137,110000,90,150000,2
"366",1980,1982,3,2,472.91589,406.44177,23000,100,200000,2
"2472",1970,1970,3,1,92.129265,87.669952,6000,80,100000,3
"2143",1980,1988,3,2,760.57489,724.82721,200000,200,500000,2
"3694",2000,2006,3,2,1406.8323,1379.2709,120000,110,200000,2
"1863",1996,1996,3,2,1144.3562,1101.5402,225000,180,400000,3
"1888",1800,2008,3,2,1477.4307,1431.71,100000,70,120000,3
"2492",1950,1955,1,1,54.921955,53.425186,25000,250,60000,3
"263",1800,2004,2,2,1356.1675,1330.5374,190000,110,300000,2
"1042",1997,1999,1,2,1203.9137,1184.5385,150000,105,200000,2
"1711",1850,1991,1,1,915.35559,860.39532,75000,160,250000,3
"2871",1985,2000,3,2,1234.1951,1203.9137,80000,80,120000,2
"1019",2006,2007,2,2,1431.71,1406.8323,130000,98,120000,3
"1401",1960,1995,3,1,1101.5402,1045.3608,30000,75,40000,2
"595",1900,2000,3,1,1234.1951,1203.9137,100000,85,80000,2
"3295",1950,2000,1,1,1234.1951,1203.9137,97000,70,97000,2
"579",1980,1984,2,2,601.28632,543.74213,20000,100,180000,2
"2449",1950,1955,3,1,54.921955,53.425186,3000,80,75000,3
"62",1964,1964,1,1,77.562103,73.220169,5000,100,200000,2
"914",1981,1981,1,1,406.44177,342.4115,56000,110,300000,2
"3298",1400,1970,2,1,92.129265,87.669952,25000,136,90000,2
"1688",1976,1999,1,2,1203.9137,1184.5385,80000,200,400000,2
"1456",1950,2005,2,1,1379.2709,1356.1675,110000,47,110000,2
"861",1950,2000,1,1,1234.1951,1203.9137,75000,107,250000,3
"3302",1980,1982,1,1,472.91589,406.44177,15000,84,180000,2
"1700",1800,1965,3,1,80.930824,77.562103,500,50,10000,3
"1784",1950,1986,1,2,692.88147,652.92902,130000,280,800000,3
"945",1982,1990,3,2,860.39532,810.84827,150000,120,300000,2
"1599",1972,1972,2,2,102.16821,96.736008,6000,80,100000,2
"3495",1975,2006,2,1,1406.8323,1379.2709,120000,70,270000,2
"2409",1925,1996,1,2,1144.3562,1101.5402,60000,130,350000,2
"3327",2010,2010,3,1,1511.9178,1488.2941,175000,50,180000,1
"2120",2001,2005,3,2,1379.2709,1356.1675,185000,100,200000,2
"3446",1965,1970,2,1,92.129265,87.669952,5000,90,200000,2
"890",1923,1998,3,2,1184.5385,1164.1007,70000,200,140000,2
"3136",1988,1988,1,2,760.57489,724.82721,30000,95,140000,2
"627",1963,1963,2,2,73.220169,68.102112,5000,80,500000,2
"803",1976,1978,3,2,244.19604,217.17596,40000,280,300000,2
"3677",1980,1981,1,2,406.44177,342.4115,35000,95,120000,2
"2903",1956,2009,2,2,1488.2941,1477.4307,255000,120,350000,1
"1745",2007,2007,1,2,1431.71,1406.8323,250000,100,300000,3
"976",1945,1996,1,2,1144.3562,1101.5402,140000,120,450000,3
"3792",1980,2001,3,2,1267.0298,1234.1951,100000,100,500000,2
"3880",1975,1979,3,2,282.6434,244.19604,10000,140,150000,2
"2418",1992,1993,1,2,1005.754,964.9964,100000,90,180000,2
"3519",1990,1990,1,2,860.39532,810.84827,190000,110,200000,2
"3023",2004,2005,2,1,1379.2709,1356.1675,180000,90,160000,3
"1337",1970,1970,2,1,92.129265,87.669952,20000,58,260000,2
"3790",1970,2012,3,1,1600.0632,1552.5062,150000,80,200000,2
"3510",1988,1988,1,2,760.57489,724.82721,250000,140,250000,2
"2902",1600,1975,2,1,157.80762,134.69173,5000,100,100000,2
"410",1980,1984,3,1,601.28632,543.74213,15000,140,140000,2
"795",1973,1998,1,1,1184.5385,1164.1007,40000,73,70000,2
"3219",1970,1970,2,1,92.129265,87.669952,10000,60,100000,2
"416",1996,1996,3,2,1144.3562,1101.5402,60000,160,220000,3
"1342",2009,2009,1,2,1488.2941,1477.4307,190000,120,200000,2
"902",1980,1988,1,2,760.57489,724.82721,45000,110,160000,2
"939",1864,1990,3,1,860.39532,810.84827,20000,90,50000,2
"980",1930,1985,2,1,652.92902,601.28632,40000,65,250000,2
"3326",1983,1984,3,2,601.28632,543.74213,70000,110,250000,2
"2164",1965,1975,1,2,157.80762,134.69173,50000,110,240000,2
"1163",1911,1976,2,1,183.8819,157.80762,1500,80,80000,2
"1160",1980,1980,2,2,342.4115,282.6434,100000,140,400000,2
"3493",2007,2008,2,1,1477.4307,1431.71,250000,50,200000,2
"1554",1900,1976,2,1,183.8819,157.80762,3000,70,100000,3
"845",1977,1977,2,2,217.17596,183.8819,10000,100,200000,3
"2301",1965,2003,3,2,1330.5374,1298.5277,150000,150,190000,2
"1914",1973,1973,1,2,112.76212,102.16821,130000,112,200000,3
"951",1948,2000,2,1,1234.1951,1203.9137,35000,90,90000,2
"1910",2000,2000,2,1,1234.1951,1203.9137,15000,80,170000,2
"3505",2010,2010,1,2,1511.9178,1488.2941,170000,110,170000,2
"2922",1930,1972,1,1,102.16821,96.736008,50000,100,150000,2
"251",1979,1979,2,2,282.6434,244.19604,25000,94,220000,2
"2411",1900,2009,1,1,1488.2941,1477.4307,65000,75,100000,2
"736",1978,1978,2,2,244.19604,217.17596,25000,160,200000,2
"2489",1970,1980,3,2,342.4115,282.6434,50000,120,100000,1
"1057",1990,1995,3,2,1101.5402,1045.3608,65000,110,220000,2
"3680",1960,2011,1,1,1552.5062,1511.9178,96000,65,140000,3
"2777",1965,2013,3,1,1617.6464,1600.0632,100000,85,150000,2
"2768",1900,2012,2,1,1600.0632,1552.5062,400000,80,350000,2
"3303",1996,1998,1,2,1184.5385,1164.1007,60000,98,200000,2
"1707",1910,2008,1,1,1477.4307,1431.71,135000,80,100000,2
"2042",1980,1992,3,1,964.9964,915.35559,32000,70,100000,2
"2230",1958,1958,3,1,61.583023,58.771194,7000,80,50000,2
"540",1987,1987,2,2,724.82721,692.88147,35000,88,150000,2
"3633",1989,1989,3,2,810.84827,760.57489,140000,220,450000,3
"3187",1970,1976,3,2,183.8819,157.80762,75000,90,250000,2
"946",1300,2009,1,2,1488.2941,1477.4307,164000,200,180000,2
"3855",1960,1999,1,2,1203.9137,1184.5385,50000,100,150000,2
"17",1963,1963,3,1,73.220169,68.102112,1000,80,200000,2
"3385",1990,1997,3,2,1164.1007,1144.3562,90000,120,400000,2
"284",1979,1979,3,2,282.6434,244.19604,120000,120,158000,2
"2182",1946,1946,3,1,25.977219,22.011038,3000,90,80000,3
"2688",1965,1966,2,2,82.55233,80.930824,40000,100,300000,2
"2583",1996,1996,1,1,1144.3562,1101.5402,120000,110,400000,2
"826",1950,2000,3,1,1234.1951,1203.9137,45000,100,130000,2
"8",1963,1963,1,1,73.220169,68.102112,1400,90,200000,2
"1485",1965,1981,3,1,406.44177,342.4115,20000,70,150000,2
"3085",1960,1989,1,1,810.84827,760.57489,70000,98,250000,2
"3619",1970,1980,2,1,342.4115,282.6434,50000,80,150000,3
"608",1970,1990,3,2,860.39532,810.84827,65000,157,300000,2
"60",1975,1975,1,2,157.80762,134.69173,13420,120,300000,2
"129",1920,1980,1,2,342.4115,282.6434,50000,100,130000,2
"2333",1954,1994,3,1,1045.3608,1005.754,60000,78,130000,2
"1801",1950,2001,1,2,1267.0298,1234.1951,225000,140,250000,2
"1433",1983,1985,3,2,652.92902,601.28632,40000,85,180000,2
"3745",1940,1970,1,1,92.129265,87.669952,140000,70,180000,2
"1016",1970,1970,2,2,92.129265,87.669952,6000,120,250000,2
"2289",1964,1964,2,1,77.562103,73.220169,5000,80,150000,2
"2741",1948,1986,2,1,692.88147,652.92902,40000,90,230000,3
"1126",1982,1982,1,2,472.91589,406.44177,35000,220,300000,3
"3876",1990,1993,2,2,1005.754,964.9964,35000,90,290000,2
"1266",1956,2002,3,1,1298.5277,1267.0298,110000,95,300000,2
"1099",1960,1979,3,1,282.6434,244.19604,40000,80,120000,2
"3925",1930,1962,2,2,68.102112,64.796478,10000,90,250000,2
"1753",1963,1963,2,1,73.220169,68.102112,1000,90,200000,3
"1829",1940,1998,1,1,1184.5385,1164.1007,85000,70,160000,1
"262",1991,1991,2,2,915.35559,860.39532,50000,100,400000,2
"3161",1997,1998,2,2,1184.5385,1164.1007,150000,120,200000,2
"3081",2001,2001,1,2,1267.0298,1234.1951,150000,130,200000,3
"1866",1964,1965,2,1,80.930824,77.562103,4000,90,100000,2
"493",1954,2005,1,1,1379.2709,1356.1675,240000,75,200000,3
"1459",1969,1969,2,1,87.669952,85.273788,3000,120,200000,2
"2223",1988,1988,1,2,760.57489,724.82721,45000,85,160000,2
"3074",1930,1980,2,1,342.4115,282.6434,15000,70,200000,2
"2904",1980,2012,1,2,1600.0632,1552.5062,120000,95,145000,2
"3851",1935,1978,1,2,244.19604,217.17596,18000,200,300000,2
"2",1970,1970,3,2,92.129265,87.669952,5000,120,150000,2
"3728",1973,1985,2,1,652.92902,601.28632,60000,70,100000,2
"1982",1988,1990,3,2,860.39532,810.84827,40000,110,40000,2
"411",1993,1998,3,2,1184.5385,1164.1007,100000,100,220000,2
"2539",1980,1985,1,2,652.92902,601.28632,15000,230,130000,3
"1192",1500,1984,1,2,601.28632,543.74213,10000,110,80000,2
"657",1973,1973,1,1,112.76212,102.16821,8000,124,300000,1
"1601",1800,1988,1,1,760.57489,724.82721,50000,100,350000,3
"931",1970,1985,1,1,652.92902,601.28632,40000,80,130000,3
"1086",1982,2002,3,1,1298.5277,1267.0298,95000,90,250000,2
"1915",1970,1979,1,2,282.6434,244.19604,200000,110,220000,3
"342",1995,2005,1,1,1379.2709,1356.1675,60000,75,160000,2
"2728",1950,1985,1,2,652.92902,601.28632,20000,100,260000,1
"1826",2012,2012,1,2,1600.0632,1552.5062,250000,120,400000,2
"3077",1998,2000,3,2,1234.1951,1203.9137,150000,170,270000,2
"2386",1930,1960,1,1,62.957386,61.331112,125000,60,250000,2
"1443",1957,1983,2,2,543.74213,472.91589,20000,110,300000,3
"1608",1986,1986,2,2,692.88147,652.92902,40000,120,250000,2
"3115",1996,1998,1,2,1184.5385,1164.1007,200000,150,350000,2
"1153",1890,1994,1,1,1045.3608,1005.754,17000,120,180000,2
"1068",1970,1990,2,2,860.39532,810.84827,45000,90,300000,2
"2631",1992,1992,1,2,964.9964,915.35559,500000,200,700000,3
"393",1967,1970,2,2,92.129265,87.669952,20000,100,300000,2
"1040",1965,1967,1,1,84.200714,82.55233,10000,130,100000,3
"2079",1970,1971,3,2,96.736008,92.129265,55000,100,140000,2
"2537",1970,1994,1,1,1045.3608,1005.754,25000,90,80000,2
"3903",1984,1986,1,2,692.88147,652.92902,60000,110,500000,2
"2089",1985,1985,3,2,652.92902,601.28632,55000,135,350000,2
"1521",1986,1986,3,2,692.88147,652.92902,25000,80,200000,2
"695",1960,2001,1,1,1267.0298,1234.1951,80000,90,100000,3
"3621",1950,2011,2,2,1552.5062,1511.9178,230000,90,250000,3
"33",1950,1957,3,1,58.771194,57.65583,17000,80,120000,2
"2784",1970,1985,3,1,652.92902,601.28632,10000,50,30000,2
"2414",1968,1969,1,1,87.669952,85.273788,100000,80,150000,3
"3089",1970,1995,1,2,1101.5402,1045.3608,300000,140,560000,2
"2483",1990,1990,1,2,860.39532,810.84827,100000,100,120000,2
"1523",1940,1989,3,2,810.84827,760.57489,50000,110,150000,2
"1517",1960,2008,1,1,1477.4307,1431.71,160000,60,160000,2
"554",1966,1966,1,2,82.55233,80.930824,5000,115,120000,2
"725",1950,2000,2,1,1234.1951,1203.9137,30000,70,80000,2
"1952",1982,2005,2,2,1379.2709,1356.1675,105000,140,150000,1
"1024",1984,1984,3,2,601.28632,543.74213,50000,140,200000,2
"2348",1970,1979,3,2,282.6434,244.19604,25000,100,250000,3
"1699",1900,2000,3,1,1234.1951,1203.9137,50000,100,80000,3
"2236",1978,1978,3,2,244.19604,217.17596,20000,120,500000,2
"2352",1960,1980,1,1,342.4115,282.6434,25000,80,150000,2
"2315",1975,1975,3,2,157.80762,134.69173,30000,150,180000,2
"1838",1962,1970,1,2,92.129265,87.669952,15000,190,800000,2
"3028",1970,1972,2,2,102.16821,96.736008,8000,110,200000,2
"223",1967,1987,1,2,724.82721,692.88147,70000,110,130000,2
"3452",1962,1962,1,1,68.102112,64.796478,10000,120,600000,2
"767",1982,1982,2,2,472.91589,406.44177,40000,100,150000,2
"86",1994,2004,3,2,1356.1675,1330.5374,105000,90,80000,3
"249",1960,1986,2,2,692.88147,652.92902,60000,130,160000,1
"3836",1998,2008,1,2,1477.4307,1431.71,380000,110,360000,2
"332",1970,1970,1,1,92.129265,87.669952,120000,100,170000,3
"3616",1974,2000,1,1,1234.1951,1203.9137,125000,80,250000,2
"630",1991,1992,2,2,964.9964,915.35559,85000,80,210000,3
"3924",1975,1979,2,2,282.6434,244.19604,50000,100,280000,2
"1297",1960,2000,1,2,1234.1951,1203.9137,90000,250,200000,3
"777",1983,1987,1,1,724.82721,692.88147,75000,80,200000,2
"2912",1980,1999,1,2,1203.9137,1184.5385,110000,230,200000,2
"2652",1970,2008,1,1,1477.4307,1431.71,100000,60,100000,3
"1161",1993,1993,2,2,1005.754,964.9964,75000,120,100000,2
"3511",2000,2000,1,2,1234.1951,1203.9137,150000,120,180000,2
"626",1960,2000,2,1,1234.1951,1203.9137,90000,65,130000,2
"790",2003,2004,1,2,1356.1675,1330.5374,190000,100,190000,3
"3549",1978,2008,2,2,1477.4307,1431.71,160000,130,200000,3
"3647",1993,1999,1,2,1203.9137,1184.5385,158000,105,250000,2
"2302",1970,1970,3,2,92.129265,87.669952,50000,120,300000,2
"503",1970,1980,1,1,342.4115,282.6434,20000,90,100000,2
"2992",2003,2003,1,2,1330.5374,1298.5277,155000,110,180000,2
"3730",1980,1985,1,2,652.92902,601.28632,42000,90,160000,2
"3197",1980,1980,2,2,342.4115,282.6434,20000,90,150000,2
"2033",1965,2009,2,2,1488.2941,1477.4307,370000,100,350000,2
"3696",1945,1950,3,2,44.618885,45.22831,20000,100,85000,2
"3463",1962,1962,2,1,68.102112,64.796478,6000,140,700000,2
"2439",1930,1957,2,1,58.771194,57.65583,10000,100,200000,1
"2599",1500,2010,2,1,1511.9178,1488.2941,165000,114,180000,3
"3806",1965,1965,3,2,80.930824,77.562103,50000,120,170000,2
"3755",1900,1970,1,1,92.129265,87.669952,75000,70,150000,1
"1395",1970,2005,1,2,1379.2709,1356.1675,153000,130,140000,3
"1357",2002,2002,2,1,1298.5277,1267.0298,90000,55,130000,2
"357",1981,1981,3,2,406.44177,342.4115,10000,100,200000,2
"3503",1941,1968,1,1,85.273788,84.200714,30000,100,170000,2
"2335",1950,1977,3,1,217.17596,183.8819,35000,120,120000,2
"3127",1989,1990,1,2,860.39532,810.84827,90000,80,140000,2
"1941",1974,1989,3,2,810.84827,760.57489,60000,155,450000,1
"2475",1982,1982,1,2,472.91589,406.44177,50000,100,130000,2
"2722",1950,1975,2,2,157.80762,134.69173,57000,100,250000,2
"2737",1910,1980,2,2,342.4115,282.6434,30000,120,450000,1
"3660",1975,1998,1,1,1184.5385,1164.1007,30000,85,130000,2
"3016",1960,2008,1,1,1477.4307,1431.71,82000,55,130000,2
"3435",1980,1980,1,2,342.4115,282.6434,200000,200,450000,2
"3585",1960,2009,3,1,1488.2941,1477.4307,50000,70,60000,2
"1380",2000,2000,3,2,1234.1951,1203.9137,300000,120,400000,2
"3010",1800,2005,2,1,1379.2709,1356.1675,25000,38,65000,2
"391",1971,1971,2,2,96.736008,92.129265,27000,100,400000,2
"3819",1880,1980,1,2,342.4115,282.6434,40000,100,75000,2
"3767",1975,2003,1,2,1330.5374,1298.5277,100000,80,160000,2
"2544",1970,2008,1,1,1477.4307,1431.71,135000,100,135000,3
"1800",2003,2003,1,2,1330.5374,1298.5277,300000,290,300000,2
"1626",2000,2000,3,1,1234.1951,1203.9137,100000,70,150000,3
"2573",1990,1992,1,2,964.9964,915.35559,50000,90,160000,2
"1462",1900,1986,2,1,692.88147,652.92902,7500,60,60000,2
"379",1965,1999,1,1,1203.9137,1184.5385,100000,75,170000,2
"3583",1985,1999,1,1,1203.9137,1184.5385,120000,78,140000,2
"677",1995,1995,3,1,1101.5402,1045.3608,15000,107,90000,2
"2157",1920,1980,1,1,342.4115,282.6434,8000,90,80000,2
"3352",1800,2002,2,1,1298.5277,1267.0298,129000,120,180000,3
"2243",1964,1964,3,2,77.562103,73.220169,20000,130,120000,2
"1553",1960,1975,3,2,157.80762,134.69173,250000,97,450000,1
"2585",1900,1996,1,2,1144.3562,1101.5402,80000,90,150000,2
"1821",1970,1988,2,2,760.57489,724.82721,100000,100,500000,3
"1200",1994,1995,1,2,1101.5402,1045.3608,120000,120,130000,2
"2415",1962,1973,1,1,112.76212,102.16821,6000,62,80000,2
"495",1954,1955,1,2,54.921955,53.425186,20000,130,180000,2
"2814",1986,1987,2,2,724.82721,692.88147,55000,100,190000,2
"782",1970,2000,1,1,1234.1951,1203.9137,210000,70,200000,2
"1502",1970,1973,1,1,112.76212,102.16821,10000,90,300000,3
"859",1920,2003,1,2,1330.5374,1298.5277,350000,120,600000,2
"2783",1966,2007,2,2,1431.71,1406.8323,125000,120,300000,1
"3148",1981,1981,2,2,406.44177,342.4115,35000,130,180000,2
"3627",1976,1976,3,1,183.8819,157.80762,7000,110,100000,2
"1355",1970,1970,1,2,92.129265,87.669952,5000,100,300000,3
"637",1960,1991,3,2,915.35559,860.39532,55000,80,130000,2
"2864",1893,2005,1,1,1379.2709,1356.1675,78000,110,250000,2
"1311",1965,1974,2,2,134.69173,112.76212,6000,110,300000,3
"2947",1930,1973,1,1,112.76212,102.16821,2500,70,200000,2
"3812",1983,1983,1,2,543.74213,472.91589,150000,100,300000,2
"1404",1980,2004,3,2,1356.1675,1330.5374,150000,200,220000,1
"2189",1990,1991,3,2,915.35559,860.39532,91000,110,200000,2
"229",1988,1988,1,1,760.57489,724.82721,40000,80,100000,2
"2288",1870,1970,2,2,92.129265,87.669952,15000,125,160000,2
"2934",1960,1984,2,1,601.28632,543.74213,40000,70,100000,3
"162",1975,1975,2,1,157.80762,134.69173,3500,100,250000,3
"2053",2000,2003,2,2,1330.5374,1298.5277,190000,120,200000,2
"2134",1950,1986,2,1,692.88147,652.92902,20000,87,200000,2
"1419",1970,1995,3,1,1101.5402,1045.3608,15000,75,50000,2
"1116",1950,1994,3,1,1045.3608,1005.754,30000,45,70000,2
"2691",1965,1965,2,2,80.930824,77.562103,10000,90,350000,2
"1670",1938,1998,2,1,1184.5385,1164.1007,60000,85,190000,2
"665",1995,2000,3,1,1234.1951,1203.9137,80000,110,120000,2
"1343",1960,1989,1,2,810.84827,760.57489,35000,300,300000,2
"1832",1966,1977,1,1,217.17596,183.8819,4000,82,250000,3
"3420",1995,1995,3,2,1101.5402,1045.3608,280000,190,400000,2
"3854",1970,2009,1,1,1488.2941,1477.4307,200000,135,200000,2
"3929",1968,1968,3,1,85.273788,84.200714,3500,90,80000,2
"2762",1927,2012,2,2,1600.0632,1552.5062,430000,125,500000,1
"2617",1967,1967,3,1,84.200714,82.55233,1000,100,200000,3
"106",1980,1989,1,1,810.84827,760.57489,60000,108,155000,2
"3725",1970,2007,1,1,1431.71,1406.8323,160000,100,200000,1
"2512",1985,1985,1,2,652.92902,601.28632,100000,150,500000,2
"131",1920,1990,1,2,860.39532,810.84827,80000,110,180000,2
"128",1975,1992,1,1,964.9964,915.35559,75000,80,100000,2
"3502",1978,2007,2,2,1431.71,1406.8323,380000,70,500000,3
"1734",1985,1985,1,2,652.92902,601.28632,120000,180,300000,2
"1678",1970,1998,2,2,1184.5385,1164.1007,200000,120,350000,1
"731",1985,1988,1,1,760.57489,724.82721,30000,90,130000,3
"1235",1970,2012,3,2,1600.0632,1552.5062,120000,120,120000,2
"3949",2001,2013,3,2,1617.6464,1600.0632,180000,90,180000,2
"3853",1970,2001,1,2,1267.0298,1234.1951,95000,120,200000,2
"854",1972,1974,3,1,134.69173,112.76212,20000,100,120000,2
"2908",1960,1994,3,2,1045.3608,1005.754,120000,100,150000,3
"2990",1993,1993,1,2,1005.754,964.9964,100000,120,200000,2
"137",1965,2003,1,1,1330.5374,1298.5277,30000,65,200000,3
"990",1999,1999,1,2,1203.9137,1184.5385,80000,130,230000,2
"54",1963,1997,1,1,1164.1007,1144.3562,50000,85,80000,3
"3153",1983,1987,2,1,724.82721,692.88147,70000,90,180000,3
"3349",2000,2000,3,2,1234.1951,1203.9137,100000,170,250000,3
"1798",1900,2005,2,1,1379.2709,1356.1675,126000,54,140000,2
"324",1900,1994,2,2,1045.3608,1005.754,150000,100,300000,3
"3166",1971,1999,2,3,1203.9137,1184.5385,100000,135,250000,1
"2986",1964,1995,1,1,1101.5402,1045.3608,43000,110,140000,2
"191",1940,1965,3,2,80.930824,77.562103,5000,110,120000,2
"3834",1950,2000,1,1,1234.1951,1203.9137,300000,150,500000,2
"2098",1989,1989,1,2,810.84827,760.57489,150000,110,280000,2
"557",1970,1980,1,2,342.4115,282.6434,120000,160,350000,3
"3492",2001,2001,2,2,1267.0298,1234.1951,250000,105,350000,2
"915",1961,1998,1,1,1184.5385,1164.1007,300000,100,350000,3
"67",1980,1980,1,2,342.4115,282.6434,46000,130,150000,2
"1173",1972,1977,1,2,217.17596,183.8819,15493,112,350000,2
"45",1968,1968,1,2,85.273788,84.200714,1500,110,200000,2
"3455",1970,1996,1,1,1144.3562,1101.5402,80000,80,140000,2
"656",1930,1977,2,2,217.17596,183.8819,20000,130,550000,2
"75",1955,1984,3,2,601.28632,543.74213,90000,140,350000,2
"2890",2013,2013,1,1,1617.6464,1600.0632,205000,55,220000,1
"164",1972,2010,3,1,1511.9178,1488.2941,20000,100,150000,1
"2099",2002,2008,1,1,1477.4307,1431.71,150000,60,120000,3
"1849",1958,1998,3,1,1184.5385,1164.1007,40000,110,75000,2
"640",1986,1986,1,1,692.88147,652.92902,36000,110,150000,2
"2388",1966,1981,1,2,406.44177,342.4115,30000,90,200000,2
"1627",1993,1993,3,2,1005.754,964.9964,120000,100,160000,3
"2805",1993,1993,2,2,1005.754,964.9964,250000,250,180000,2
"1908",1940,2007,2,1,1431.71,1406.8323,36000,60,70000,1
"1096",2007,2008,2,1,1477.4307,1431.71,140000,650,140000,3
"691",2001,2003,3,2,1330.5374,1298.5277,160000,200,320000,2
"3537",1979,1980,1,2,342.4115,282.6434,25000,115,250000,2
"794",1964,1964,3,2,77.562103,73.220169,6000,120,300000,2
"3220",1700,1977,2,1,217.17596,183.8819,3000,50,20000,2
"1393",1985,1987,1,1,724.82721,692.88147,90000,95,200000,2
"1406",1995,1998,3,2,1184.5385,1164.1007,80000,110,160000,2
"1786",2004,2005,1,1,1379.2709,1356.1675,230000,90,300000,2
"2869",2004,2005,3,2,1379.2709,1356.1675,90000,85,120000,2
"3885",1980,2004,1,2,1356.1675,1330.5374,140000,80,180000,2
"3531",1987,1988,3,1,760.57489,724.82721,60000,110,250000,2
"2242",1970,1973,3,2,112.76212,102.16821,20000,130,200000,2
"273",1973,2008,2,1,1477.4307,1431.71,90000,90,150000,2
"3639",2000,2002,3,1,1298.5277,1267.0298,75000,45,90000,3
"3004",1969,1994,1,2,1045.3608,1005.754,110000,130,230000,2
"2879",1900,2001,1,1,1267.0298,1234.1951,120000,80,200000,2
"3335",1980,1985,1,2,652.92902,601.28632,100000,105,200000,2
"1572",1978,1979,1,1,282.6434,244.19604,40000,120,230000,2
"1304",1965,1984,1,1,601.28632,543.74213,20000,96,120000,2
"123",1980,1981,3,2,406.44177,342.4115,65000,138,300000,2
"1709",1935,1974,1,1,134.69173,112.76212,15000,72,130000,2
"3714",1946,1947,2,1,42.098171,25.977219,15000,90,200000,3
"1750",1970,2005,1,2,1379.2709,1356.1675,156000,120,100000,2
"209",1940,1995,1,2,1101.5402,1045.3608,95000,200,350000,3
"3591",1952,1973,1,1,112.76212,102.16821,100000,110,130000,3
"1857",1970,2001,1,1,1267.0298,1234.1951,75000,64,90000,2
"1631",1960,2006,1,1,1406.8323,1379.2709,130000,63,120000,3
"213",1973,1975,1,1,157.80762,134.69173,25000,110,250000,2
"536",1959,1960,3,2,62.957386,61.331112,20000,110,200000,2
"2361",1984,1984,3,2,601.28632,543.74213,20000,100,180000,2
"3485",1966,1966,2,2,82.55233,80.930824,12000,130,700000,1
"2958",1960,2008,1,1,1477.4307,1431.71,133000,74,140000,3
"3620",1968,1970,2,1,92.129265,87.669952,15000,70,175000,3
"1602",1999,1999,1,2,1203.9137,1184.5385,200000,110,1000000,2
"1833",1970,1977,1,2,217.17596,183.8819,30000,120,400000,2
"2226",1960,2005,1,1,1379.2709,1356.1675,130000,90,150000,3
"2280",1900,1999,2,1,1203.9137,1184.5385,50000,65,100000,2
"750",1980,2001,3,1,1267.0298,1234.1951,45000,70,130000,2
"3073",1950,1966,2,1,82.55233,80.930824,10000,70,180000,2
"746",1975,1977,1,1,217.17596,183.8819,6000,70,150000,2
"2978",1979,1979,3,2,282.6434,244.19604,40000,280,300000,3
"916",1975,1987,3,1,724.82721,692.88147,30000,80,130000,2
"16",1970,1990,1,1,860.39532,810.84827,25000,110,150000,2
"804",1986,1986,3,2,692.88147,652.92902,90000,100,150000,3
"2833",1974,1978,1,2,244.19604,217.17596,80000,100,200000,2
"1344",2009,2009,1,2,1488.2941,1477.4307,150000,100,170000,2
"283",1970,1991,3,1,915.35559,860.39532,35000,68,75000,2
"1850",1970,1997,3,2,1164.1007,1144.3562,60000,110,140000,2
"2673",1980,1982,1,1,472.91589,406.44177,120000,85,180000,3
"935",1950,1999,1,1,1203.9137,1184.5385,120000,53,230000,1
"2690",1950,1974,2,2,134.69173,112.76212,8000,90,190000,2
"1448",1969,1969,2,1,87.669952,85.273788,6000,100,120000,2
"3075",1980,1980,2,2,342.4115,282.6434,15000,90,200000,1
"19",1968,1992,3,1,964.9964,915.35559,150000,118,350000,2
"1460",1946,1982,2,1,472.91589,406.44177,15000,80,120000,2
"2572",2000,2010,1,2,1511.9178,1488.2941,150000,110,240000,2
"2417",1970,1972,1,2,102.16821,96.736008,15000,160,350000,2
"2689",1800,1968,2,2,85.273788,84.200714,1000,70,200000,2
"1055",1984,2007,3,2,1431.71,1406.8323,230000,110,280000,1
"1540",1969,1969,2,2,87.669952,85.273788,20000,130,280000,1
"2831",1900,1964,3,1,77.562103,73.220169,2000,90,50000,3
"1571",1955,1956,1,1,57.65583,54.921955,10000,60,130000,2
"1868",2006,2007,2,1,1431.71,1406.8323,185000,70,170000,2
"266",1600,2000,2,2,1234.1951,1203.9137,350000,220,500000,2
"2919",1965,1997,2,1,1164.1007,1144.3562,90000,100,100000,3
"3024",1955,2010,1,2,1511.9178,1488.2941,200000,200,350000,2
"2392",1965,1990,1,1,860.39532,810.84827,75000,80,125000,2
"3082",1976,1976,1,1,183.8819,157.80762,20000,90,250000,2
"2037",1985,2014,1,2,1620.8849,1617.6464,200000,110,200000,2
"1011",1968,2005,3,2,1379.2709,1356.1675,55000,100,150000,2
"1671",1936,2006,2,2,1406.8323,1379.2709,400000,100,350000,2
"3760",1940,1995,1,1,1101.5402,1045.3608,50000,60,70000,3
"3622",1995,2006,1,2,1406.8323,1379.2709,280000,200,270000,2
"577",1984,1984,2,2,601.28632,543.74213,50000,130,200000,2
"1415",1800,2000,3,2,1234.1951,1203.9137,50000,135,120000,2
"2555",1940,1980,1,2,342.4115,282.6434,32000,120,200000,3
"1328",1970,2007,1,1,1431.71,1406.8323,145000,55,135000,3
"299",1959,1960,3,2,62.957386,61.331112,10000,80,150000,2
"1949",1994,1994,2,2,1045.3608,1005.754,85000,113,160000,2
"808",2000,2000,3,2,1234.1951,1203.9137,150000,180,350000,3
"960",1965,1965,2,1,80.930824,77.562103,5000,100,150000,2
"3090",1850,1957,1,1,58.771194,57.65583,100000,110,250000,2
"884",1958,1968,3,1,85.273788,84.200714,6000,70,60000,2
"2186",1960,2011,1,1,1552.5062,1511.9178,45000,45,65000,2
"81",1990,2000,2,2,1234.1951,1203.9137,110000,110,200000,2
"63",1984,1985,1,2,652.92902,601.28632,50000,130,200000,2
"751",1981,1981,1,1,406.44177,342.4115,35000,84,105000,3
"1504",1964,1983,1,1,543.74213,472.91589,43000,70,180000,2
"358",1900,1963,1,1,73.220169,68.102112,35000,80,40000,3
"1886",1800,1977,3,1,217.17596,183.8819,28000,80,100000,3
"869",1990,2003,1,2,1330.5374,1298.5277,85000,150,160000,2
"195",1990,2002,1,2,1298.5277,1267.0298,52000,110,155000,2
"2066",1978,1978,1,2,244.19604,217.17596,30000,126,500000,2
"423",1990,1995,3,2,1101.5402,1045.3608,15000,110,250000,2
"2623",1960,1990,1,1,860.39532,810.84827,10000,65,110000,2
"575",1984,1995,2,1,1101.5402,1045.3608,90000,250,500000,2
"272",1955,1980,2,1,342.4115,282.6434,15000,80,130000,2
"151",1950,1988,1,1,760.57489,724.82721,50000,78,140000,2
"387",1950,2004,1,2,1356.1675,1330.5374,95000,200,250000,1
"3118",1989,1989,3,2,810.84827,760.57489,52000,130,140000,2
"2993",1970,2008,1,1,1477.4307,1431.71,105000,57,110000,2
"2421",1950,2012,1,2,1600.0632,1552.5062,210000,160,210000,2
"1756",1965,1997,1,1,1164.1007,1144.3562,82000,85,90000,2
"2807",1980,1980,2,2,342.4115,282.6434,120000,150,300000,2
"3412",1970,1978,3,1,244.19604,217.17596,75000,80,140000,2
"2726",1989,1992,3,1,964.9964,915.35559,80000,130,100000,2
"3951",2010,2013,2,2,1617.6464,1600.0632,250000,120,250000,2
"3735",1998,2004,1,1,1356.1675,1330.5374,170000,83,140000,3
"1121",1970,2004,1,2,1356.1675,1330.5374,225000,120,300000,2
"1531",1940,1981,3,1,406.44177,342.4115,20000,70,60000,3
"2718",1980,1980,3,2,342.4115,282.6434,50000,100,90000,2
"2387",1968,1989,1,1,810.84827,760.57489,25000,75,145000,2
"3959",1992,2001,1,1,1267.0298,1234.1951,125000,58,300000,1
"545",1954,2002,3,1,1298.5277,1267.0298,77000,70,120000,3
"1799",1920,2000,2,1,1234.1951,1203.9137,80000,150,300000,3
"356",1985,1996,3,2,1144.3562,1101.5402,125000,104,200000,2
"384",1996,2000,1,2,1234.1951,1203.9137,55000,300,500000,3
"1622",1960,2006,1,1,1406.8323,1379.2709,85000,75,95000,2
"1936",1983,1984,3,1,601.28632,543.74213,23000,60,100000,2
"3487",1975,1975,2,2,157.80762,134.69173,20000,80,160000,2
"1692",1973,1973,2,2,112.76212,102.16821,8000,300,200000,2
"876",1978,2005,1,1,1379.2709,1356.1675,140000,100,200000,2
"877",1993,2000,1,2,1234.1951,1203.9137,250000,190,350000,2
"103",1990,2013,2,2,1617.6464,1600.0632,190000,110,150000,3
"1073",1900,1991,1,2,915.35559,860.39532,20000,97,150000,3
"3180",1980,2007,1,2,1431.71,1406.8323,250000,95,300000,2
"353",1980,1984,3,2,601.28632,543.74213,47000,110,130000,3
"3617",1965,2013,1,2,1617.6464,1600.0632,350000,130,320000,3
"672",1972,1972,2,1,102.16821,96.736008,5500,97,120000,3
"2789",1968,1970,1,2,92.129265,87.669952,50000,80,155000,2
"1271",1890,2000,1,1,1234.1951,1203.9137,40000,90,100000,3
"566",2002,2002,2,2,1298.5277,1267.0298,180000,105,200000,2
"3232",1970,1999,3,1,1203.9137,1184.5385,120000,95,180000,2
"2261",1980,1991,2,1,915.35559,860.39532,45000,85,160000,2
"1568",1945,1950,1,1,44.618885,45.22831,30000,80,90000,2
"2717",1980,1992,3,2,964.9964,915.35559,65000,100,110000,2
"2455",1976,1997,1,2,1164.1007,1144.3562,150000,180,200000,2
"3095",1955,1970,1,1,92.129265,87.669952,10000,50,120000,3
"2682",1988,1990,1,1,860.39532,810.84827,100000,60,280000,2
"2277",1965,1982,2,2,472.91589,406.44177,35000,120,120000,2
"3692",1964,1965,3,1,80.930824,77.562103,45000,100,70000,2
"3371",1950,1997,2,1,1164.1007,1144.3562,30000,50,150000,2
"302",1984,1984,3,2,601.28632,543.74213,50000,110,140000,2
"1105",1994,1994,3,2,1045.3608,1005.754,150000,200,600000,2
"68",1969,1969,2,1,87.669952,85.273788,6000,100,170000,2
"1835",1982,1982,1,2,472.91589,406.44177,23000,75,230000,3
"3243",1976,1978,1,1,244.19604,217.17596,30000,87,270000,2
"1441",1955,1997,1,1,1164.1007,1144.3562,80000,120,100000,2
"399",1960,2007,1,1,1431.71,1406.8323,125000,105,110000,2
"3305",1991,1992,1,2,964.9964,915.35559,200000,110,600000,2
"454",1980,2000,1,2,1234.1951,1203.9137,60000,90,190000,2
"3183",1956,1956,1,1,57.65583,54.921955,10000,100,250000,3
"3330",1974,2002,1,1,1298.5277,1267.0298,130000,100,200000,2
"551",1970,1970,1,2,92.129265,87.669952,30000,100,200000,3
"183",1950,1984,1,2,601.28632,543.74213,20000,120,200000,2
"1029",1972,1973,1,2,112.76212,102.16821,22500,160,600000,2
"775",1980,2005,1,2,1379.2709,1356.1675,215000,150,300000,2
"1646",1950,1990,2,1,860.39532,810.84827,35000,75,150000,2
"1276",1950,1991,2,2,915.35559,860.39532,35000,200,500000,2
"3011",1964,1980,1,1,342.4115,282.6434,25000,85,150000,2
"1120",1980,1985,3,1,652.92902,601.28632,40000,75,150000,2
"3563",1983,1984,1,2,601.28632,543.74213,80000,120,300000,2
"2085",1935,1985,3,1,652.92902,601.28632,15000,60,60000,2
"3652",1970,1982,2,1,472.91589,406.44177,55000,70,190000,1
"215",1969,2004,1,2,1356.1675,1330.5374,140000,110,150000,2
"571",1955,1988,3,2,760.57489,724.82721,40000,130,200000,2
"2852",1960,1999,1,1,1203.9137,1184.5385,85000,86,300000,2
"2246",1986,1986,2,1,692.88147,652.92902,65000,75,100000,2
"728",1700,1978,2,2,244.19604,217.17596,50000,80,150000,2
"127",1970,1992,1,2,964.9964,915.35559,170000,150,250000,1
"2763",1964,2007,2,1,1431.71,1406.8323,225000,74,180000,2
"307",2000,2000,3,2,1234.1951,1203.9137,70000,130,150000,2
"2832",1965,1970,1,1,92.129265,87.669952,23000,60,140000,2
"2404",1970,1972,3,2,102.16821,96.736008,50000,130,100000,3
"2374",1976,2001,1,1,1267.0298,1234.1951,28000,57,65000,2
"3257",1983,1983,1,1,543.74213,472.91589,15000,94,150000,2
"689",1980,1980,3,2,342.4115,282.6434,15000,130,180000,3
"3651",1964,1984,2,1,601.28632,543.74213,40000,96,220000,2
"1781",1969,2008,3,2,1477.4307,1431.71,396000,260,1500000,2
"3669",1978,1980,3,2,342.4115,282.6434,20000,90,140000,2
"2101",1940,1981,2,1,406.44177,342.4115,12000,90,200000,2
"3475",1974,1974,2,2,134.69173,112.76212,20000,120,400000,2
"2574",2002,2002,2,2,1298.5277,1267.0298,250000,120,230000,3
"1032",1960,1998,3,2,1184.5385,1164.1007,200000,120,300000,3
"1188",1945,1977,2,1,217.17596,183.8819,10000,120,350000,2
"1855",1970,1976,1,1,183.8819,157.80762,20000,80,130000,2
"1117",1826,1990,3,2,860.39532,810.84827,25000,140,140000,2
"3525",1965,2000,1,1,1234.1951,1203.9137,100000,70,180000,2
"2150",1998,1998,1,1,1184.5385,1164.1007,150000,67,300000,3
"3706",1985,1990,3,2,860.39532,810.84827,100000,100,230000,2
"3631",1995,1995,3,2,1101.5402,1045.3608,65000,65,170000,2
"900",1965,1999,1,2,1203.9137,1184.5385,70000,100,150000,2
"1070",2011,2011,2,2,1552.5062,1511.9178,315000,150,400000,2
"447",1970,1990,1,2,860.39532,810.84827,35000,110,160000,2
"3263",1980,2000,1,1,1234.1951,1203.9137,100000,60,150000,3
"2634",1990,1991,1,2,915.35559,860.39532,90000,180,500000,3
"2070",1950,1975,1,1,157.80762,134.69173,15000,50,150000,3
"1956",1985,1991,3,2,915.35559,860.39532,50000,110,150000,2
"927",1993,1993,1,2,1005.754,964.9964,200000,100,200000,3
